Date,Close,Open,High,Low,Volume,Change %
2020-01-01,8358.85,8389.23,8389.86,8354.95,146530000.0,-0.36
2020-01-02,8397.01,8358.85,8397.01,8368.21,147580000.0,0.46
2020-01-05,8193.72,8397.01,8305.33,8189.95,175920000.0,-2.42
2020-01-06,8206.13,8193.72,8210.81,8123.91,157830000.0,0.15
2020-01-07,8198.97,8206.13,8269.31,8181.94,143520000.0,-0.09
2020-01-08,8124.11,8198.97,8169.16,8076.79,160900000.0,-0.91
2020-01-09,8345.77,8124.11,8345.77,8226.28,183500000.0,2.73
2020-01-12,8371.13,8345.77,8406.23,8358.88,168530000.0,0.3
2020-01-13,8441.14,8371.13,8455.24,8370.12,189620000.0,0.84
2020-01-14,8474.81,8441.14,8479.35,8419.82,206940000.0,0.4
2020-01-15,8432.56,8474.81,8480.85,8432.56,217030000.0,-0.5
2020-01-16,8459.8,8432.56,8459.8,8423.46,168720000.0,0.32
2020-01-19,8449.29,8459.8,8490.38,8441.55,158060000.0,-0.12
2020-01-20,8469.71,8449.29,8473.5,8437.69,174430000.0,0.24
2020-01-21,8445.33,8469.71,8465.72,8431.01,174820000.0,-0.29
2020-01-22,8428.21,8445.33,8470.57,8428.21,170020000.0,-0.2
2020-01-23,8386.35,8428.21,8412.6,8356.32,181020000.0,-0.5
2020-01-26,8326.97,8386.35,8360.52,8319.22,175170000.0,-0.71
2020-01-27,8178.47,8326.97,8335.2,8178.47,174690000.0,-1.78
2020-01-28,8166.08,8178.47,8206.14,8153.03,133750000.0,-0.15
2020-01-29,8185.51,8166.08,8216.66,8156.42,143040000.0,0.24
2020-01-30,8246.59,8185.51,8255.41,8166.76,145690000.0,0.75
2020-02-02,8157.51,8246.59,8187.98,8138.62,157670000.0,-1.08
2020-02-03,8112.69,8157.51,8194.73,8112.69,151230000.0,-0.55
2020-02-04,8138.4,8112.69,8149.08,8120.95,148540000.0,0.32
2020-02-05,8094.36,8138.4,8179.31,8084.91,153270000.0,-0.54
2020-02-06,8053.09,8094.36,8123.87,8036.52,171720000.0,-0.51
2020-02-09,7952.52,8053.09,8085.39,7890.09,152180000.0,-1.25
2020-02-10,7971.93,7952.52,7979.68,7919.58,120650000.0,0.24
2020-02-11,7895.64,7971.93,7956.38,7895.64,136600000.0,-0.96
2020-02-12,7915.36,7895.64,7923.06,7876.81,148130000.0,0.25
2020-02-13,7874.41,7915.36,7937.53,7839.47,188560000.0,-0.52
2020-02-16,7836.96,7874.41,7886.89,7819.31,121360000.0,-0.48
2020-02-17,7872.55,7836.96,7895.61,7843.56,99230000.0,0.45
2020-02-18,7858.93,7872.55,7877.64,7845.24,96870000.0,-0.17
2020-02-19,7967.6,7858.93,7967.6,7862.47,111910000.0,1.38
2020-02-20,8007.39,7967.6,8031.02,7975.18,147730000.0,0.5
2020-02-23,7982.95,8007.39,8015.03,7953.81,122260000.0,-0.31
2020-02-24,7747.1,7982.95,7965.56,7745.51,181570000.0,-2.95
2020-02-25,7758.15,7747.1,7776.3,7687.54,143730000.0,0.14
2020-02-26,7711.12,7758.15,7729.36,7655.84,157350000.0,-0.61
2020-02-27,7628.34,7711.12,7678.51,7561.5,179730000.0,-1.07
2020-03-01,7345.1,7628.34,7461.16,7314.88,184110000.0,-3.71
2020-03-02,7349.19,7345.1,7561.9,7349.19,198260000.0,0.06
2020-03-03,7556.52,7349.19,7561.31,7475.49,171030000.0,2.82
2020-03-04,7524.5,7556.52,7531.43,7416.59,174560000.0,-0.42
2020-03-05,7467.52,7524.5,7571.19,7457.62,145770000.0,-0.76
2020-03-08,6846.36,7467.52,7027.98,6835.33,295730000.0,-8.32
2020-03-09,6315.51,6846.36,6461.5,6196.98,283910000.0,-7.75
2020-03-10,6762.03,6315.51,6779.43,6486.95,345460000.0,7.07
2020-03-11,6552.49,6762.03,6828.11,6492.32,282570000.0,-3.1
2020-03-12,6357.06,6552.49,6456.65,6178.07,255980000.0,-2.98
2020-03-15,6287.36,6357.06,6497.71,6287.36,211460000.0,-1.1
2020-03-16,5959.69,6287.36,6184.37,5959.69,253770000.0,-5.21
2020-03-17,6107.05,5959.69,6182.01,5971.61,258600000.00000003,2.47
2020-03-18,6154.85,6107.05,6235.3,6097.61,226120000.0,0.78
2020-03-19,6267.56,6154.85,6347.89,6105.16,359730000.0,1.83
2020-03-22,6171.91,6267.56,6284.4,6159.21,165160000.0,-1.53
2020-03-23,5990.23,6171.91,6173.11,5974.78,190440000.0,-2.94
2020-03-24,6193.66,5990.23,6213.22,6095.29,204970000.0,3.4
2020-03-25,6208.65,6193.66,6401.82,6171.91,330440000.0,0.24
2020-03-26,6326.92,6208.65,6326.92,6254.81,146670000.0,1.9
2020-03-29,6376.62,6326.92,6385.94,6260.45,161300000.0,0.79
2020-03-30,6373.29,6376.62,6404.41,6354.35,164720000.0,-0.05
2020-03-31,6505.35,6373.29,6529.26,6396.27,219730000.0,2.07
2020-04-01,6569.39,6505.35,6569.39,6479.28,170890000.0,0.98
2020-04-02,6749.69,6569.39,6749.69,6600.57,262640000.0,2.74
2020-04-05,6752.19,6749.69,6881.39,6738.7,278740000.0,0.04
2020-04-06,6860.92,6752.19,6860.92,6731.47,212840000.0,1.61
2020-04-07,6986.4,6860.92,6986.4,6854.15,262769999.99999997,1.83
2020-04-08,6999.34,6986.4,6999.34,6926.61,238610000.0,0.19
2020-04-09,7006.24,6999.34,7073.95,6988.96,239310000.0,0.1
2020-04-12,6865.74,7006.24,7012.51,6855.85,195000000.0,-2.01
2020-04-13,6804.54,6865.74,6914.17,6804.54,169320000.0,-0.89
2020-04-14,6874.64,6804.54,6874.64,6791.82,175010000.0,1.03
2020-04-15,6813.67,6874.64,6913.88,6804.97,176550000.0,-0.89
2020-04-16,6631.69,6813.67,6806.35,6631.69,162600000.0,-2.67
2020-04-19,6678.44,6631.69,6712.47,6652.98,140650000.0,0.7
2020-04-20,6601.07,6678.44,6665.35,6576.2,152060000.0,-1.16
2020-04-21,6496.72,6601.07,6554.6,6454.93,189540000.0,-1.58
2020-04-22,6541.47,6496.72,6564.0,6444.71,199490000.0,0.69
2020-04-23,6604.9,6541.47,6640.64,6587.31,201610000.0,0.97
2020-04-26,6838.67,6604.9,6843.59,6698.51,234070000.0,3.54
2020-04-27,6827.8,6838.67,6899.32,6813.67,268820000.0,-0.16
2020-04-28,6884.82,6827.8,6884.82,6809.36,233880000.0,0.84
2020-04-29,6985.33,6884.82,7013.95,6898.68,271510000.0,1.46
2020-04-30,7112.9,6985.33,7112.9,7024.98,300440000.0,1.83
2020-05-03,6585.58,7112.9,6726.67,6575.31,305740000.0,-7.41
2020-05-04,6595.97,6585.58,6672.83,6492.53,252060000.0,0.16
2020-05-05,6710.51,6595.97,6762.41,6700.88,228550000.0,1.74
2020-05-06,6655.11,6710.51,6810.46,6655.11,223460000.0,-0.83
2020-05-07,6628.53,6655.11,6677.85,6602.67,177480000.0,-0.4
2020-05-10,6682.91,6628.53,6706.51,6658.13,148050000.0,0.82
2020-05-11,6603.96,6682.91,6634.91,6448.66,223160000.0,-1.18
2020-05-12,6684.42,6603.96,6724.78,6622.86,222870000.0,1.22
2020-05-13,6721.24,6684.42,6762.71,6719.65,192590000.0,0.55
2020-05-14,6716.98,6721.24,6731.82,6680.75,158060000.0,-0.06
2020-05-17,6824.7,6716.98,6825.47,6778.75,198540000.0,1.6
2020-05-18,6921.15,6824.7,6944.16,6862.5,230180000.0,1.41
2020-05-19,7044.56,6921.15,7057.61,6961.79,242300000.0,1.78
2020-05-20,7050.17,7044.56,7073.5,7014.65,190720000.0,0.08
2020-05-21,7050.66,7050.17,7084.0,7037.81,274850000.0,0.01
2020-05-31,7213.03,7050.66,7338.96,7149.71,307440000.0,2.3
2020-06-01,7288.81,7213.03,7288.81,7202.14,349590000.0,1.05
2020-06-02,7285.23,7288.81,7321.36,7277.63,343520000.0,-0.05
2020-06-03,7222.41,7285.23,7311.85,7202.39,286850000.0,-0.86
2020-06-04,7207.78,7222.41,7207.78,7129.25,234180000.0,-0.2
2020-06-07,7267.86,7207.78,7277.7,7233.67,225870000.0,0.83
2020-06-08,7300.48,7267.86,7306.43,7247.47,275320000.0,0.45
2020-06-09,7329.38,7300.48,7329.38,7277.88,264660000.00000003,0.4
2020-06-10,7328.09,7329.38,7339.29,7287.17,264529999.99999997,-0.02
2020-06-11,7309.8,7328.09,7309.8,7254.85,259730000.00000003,-0.25
2020-06-14,7292.54,7309.8,7306.5,7252.78,2350000000.0,-0.24
2020-06-15,7263.65,7292.54,7272.18,7229.17,296980000.0,-0.4
2020-06-16,7308.21,7263.65,7358.16,7284.4,351330000.0,0.61
2020-06-17,7309.67,7308.21,7355.14,7291.95,331250000.0,0.02
2020-06-18,7355.66,7309.67,7355.66,7293.39,398580000.0,0.63
2020-06-21,7345.88,7355.66,7381.98,7343.93,255000000.0,-0.13
2020-06-22,7260.09,7345.88,7342.07,7244.51,265529999.99999997,-1.17
2020-06-23,7265.08,7260.09,7276.7,7218.63,217190000.0,0.07
2020-06-24,7213.36,7265.08,7272.55,7196.69,246310000.0,-0.71
2020-06-25,7232.34,7213.36,7244.35,7155.32,223500000.0,0.26
2020-06-28,7292.62,7232.34,7298.86,7259.66,217660000.0,0.83
2020-06-29,7287.41,7292.62,7307.54,7269.49,326470000.0,-0.07
2020-06-30,7224.09,7287.41,7328.28,7224.09,315090000.0,-0.87
2020-07-01,7253.33,7224.09,7283.68,7213.99,215520000.0,0.4
2020-07-02,7312.24,7253.33,7312.24,7271.41,211100000.0,0.81
2020-07-05,7388.49,7312.24,7388.67,7329.71,303520000.0,1.04
2020-07-06,7390.59,7388.49,7424.79,7375.01,395530000.0,0.03
2020-07-07,7400.53,7390.59,7427.42,7391.17,267130000.0,0.13
2020-07-08,7394.26,7400.53,7415.52,7391.47,317680000.0,-0.08
2020-07-09,7416.67,7394.26,7439.73,7405.27,314260000.0,0.3
2020-07-12,7431.58,7416.67,7453.52,7425.33,303430000.0,0.2
2020-07-13,7412.21,7431.58,7443.47,7406.01,341350000.0,-0.26
2020-07-14,7380.35,7412.21,7410.09,7357.0,267920000.00000003,-0.43
2020-07-15,7418.04,7380.35,7418.04,7383.01,269850000.0,0.51
2020-07-16,7426.76,7418.04,7439.32,7416.85,272740000.0,0.12
2020-07-19,7423.23,7426.76,7449.29,7417.46,273940000.0,-0.05
2020-07-20,7377.36,7423.23,7409.89,7257.16,419030000.0,-0.62
2020-07-21,7417.26,7377.36,7417.26,7373.83,328000000.0,0.54
2020-07-22,7427.89,7417.26,7436.03,7411.93,320820000.0,0.14
2020-07-23,7426.78,7427.89,7430.47,7406.71,232580000.0,-0.01
2020-07-26,7434.05,7426.78,7444.21,7403.78,223260000.0,0.1
2020-07-27,7455.74,7434.05,7463.16,7423.95,186590000.0,0.29
2020-07-28,7459.21,7455.74,7459.26,7437.54,201690000.0,0.05
2020-08-05,7470.26,7459.21,7505.22,7459.77,229080000.0,0.15
2020-08-06,7499.97,7470.26,7518.13,7486.39,242260000.0,0.4
2020-08-09,7530.31,7499.97,7533.86,7490.8,282120000.0,0.4
2020-08-10,7535.96,7530.31,7545.31,7517.3,297460000.0,0.08
2020-08-11,7626.23,7535.96,7626.23,7536.34,386550000.0,1.2
2020-08-12,7645.55,7626.23,7646.51,7601.67,312720000.0,0.25
2020-08-13,7704.25,7645.55,7708.78,7652.35,339680000.0,0.77
2020-08-16,7759.48,7704.25,7760.35,7716.02,312370000.0,0.72
2020-08-17,7757.26,7759.48,7800.91,7700.9,407840000.0,-0.03
2020-08-18,7853.57,7757.26,7853.57,7734.22,328380000.0,1.24
2020-08-19,7853.05,7853.57,7890.79,7842.15,388120000.0,-0.01
2020-08-20,7842.84,7853.05,7848.3,7812.27,299450000.0,-0.13
2020-08-23,7901.93,7842.84,7901.93,7848.7,364920000.0,0.75
2020-08-24,7957.38,7901.93,7957.38,7892.48,396870000.0,0.7
2020-08-25,7938.36,7957.38,7995.71,7938.36,393940000.0,-0.24
2020-08-26,7955.04,7938.36,7955.04,7908.01,388650000.0,0.21
2020-08-27,7934.43,7955.04,7977.04,7924.68,420280000.0,-0.26
2020-08-30,7983.82,7934.43,7984.27,7929.61,369580000.0,0.62
2020-08-31,7940.7,7983.82,8017.28,7940.7,546490000.0,-0.54
2020-09-01,7898.86,7940.7,7995.55,7898.86,514150000.0,-0.53
2020-09-02,8013.44,7898.86,8013.44,7861.61,497720000.0,1.45
2020-09-03,8045.09,8013.44,8053.71,8001.43,564100000.0,0.39
2020-09-06,8024.62,8045.09,8034.54,7977.37,401630000.0,-0.25
2020-09-07,8050.14,8024.62,8066.24,8026.06,433540000.0,0.32
2020-09-08,8089.54,8050.14,8103.94,8054.74,529049999.99999994,0.49
2020-09-09,8079.74,8089.54,8079.74,8022.46,508050000.0,-0.12
2020-09-10,8135.16,8079.74,8151.61,8090.21,543590000.0,0.69
2020-09-13,8203.57,8135.16,8206.0,8157.22,516120000.0,0.84
2020-09-14,8256.07,8203.57,8265.53,8140.16,782260000.0,0.64
2020-09-15,8321.74,8256.07,8328.53,8252.09,613210000.0,0.8
2020-09-16,8311.21,8321.74,8377.97,8290.2,593960000.0,-0.13
2020-09-17,8337.88,8311.21,8339.29,8279.64,519539999.99999994,0.32
2020-09-20,8364.61,8337.88,8376.83,8332.59,439640000.0,0.32
2020-09-21,8291.35,8364.61,8390.25,8291.35,512400000.0,-0.88
2020-09-22,8244.82,8291.35,8287.44,8213.14,407810000.0,-0.56
2020-09-24,8236.17,8244.82,8265.33,8199.48,407320000.0,-0.1
2020-09-27,8293.62,8236.17,8302.5,8244.56,560800000.0,0.7
2020-09-28,8334.65,8293.62,8373.34,8313.04,672460000.0,0.49
2020-09-29,8284.34,8334.65,8360.93,8284.34,627750000.0,-0.6
2020-09-30,8299.08,8284.34,8312.54,8272.59,542690000.0,0.18
2020-10-01,8295.05,8299.08,8340.31,8263.37,712340000.0,-0.05
2020-10-04,8177.76,8295.05,8287.97,8177.76,496820000.0,-1.41
2020-10-05,8257.67,8177.76,8257.67,8095.88,505840000.0,0.98
2020-10-06,8369.33,8257.67,8369.33,8249.48,482530000.0,1.35
2020-10-07,8358.79,8369.33,8381.18,8338.31,431480000.0,-0.13
2020-10-08,8412.55,8358.79,8420.14,8349.61,436520000.0,0.64
2020-10-11,8513.26,8412.55,8513.97,8436.83,454640000.0,1.2
2020-10-12,8544.94,8513.26,8548.52,8481.29,479300000.0,0.37
2020-10-13,8601.07,8544.94,8614.5,8533.3,477830000.0,0.66
2020-10-14,8592.1,8601.07,8613.77,8577.13,543230000.0,-0.1
2020-10-15,8553.79,8592.1,8593.62,8516.64,533110000.0,-0.45
2020-10-18,8560.81,8553.79,8598.58,8546.84,415130000.0,0.08
2020-10-19,8547.61,8560.81,8581.55,8531.23,377310000.0,-0.15
2020-10-20,8533.0,8547.61,8533.0,8466.28,440550000.0,-0.17
2020-10-21,8496.85,8533.0,8567.3,8496.85,372730000.0,-0.42
2020-10-22,8505.18,8496.85,8505.18,8439.43,324880000.0,0.1
2020-10-25,8154.59,8505.18,8487.49,8154.59,364100000.0,-4.12
2020-10-26,8155.31,8154.59,8267.09,8020.41,498720000.0,0.01
2020-10-27,8198.9,8155.31,8198.9,8101.02,318750000.0,0.53
2020-10-28,8123.05,8198.9,8223.6,8113.19,319830000.0,-0.93
2020-10-29,7907.72,8123.05,8039.41,7907.72,356350000.0,-2.65
2020-11-01,7864.78,7907.72,7920.53,7842.69,229680000.0,-0.54
2020-11-02,8021.02,7864.78,8032.99,7874.3,305730000.0,1.99
2020-11-03,7998.59,8021.02,8082.83,7998.59,291330000.0,-0.28
2020-11-04,8088.73,7998.59,8118.73,8046.48,319790000.0,1.13
2020-11-05,8089.15,8088.73,8091.58,8029.84,262880000.0,0.01
2020-11-08,8160.35,8089.15,8160.35,8065.27,287360000.0,0.88
2020-11-09,8366.46,8160.35,8366.46,8178.33,440960000.0,2.53
2020-11-10,8405.04,8366.46,8510.68,8326.01,618920000.0,0.46
2020-11-11,8449.66,8405.04,8453.01,8376.97,407550000.0,0.53
2020-11-12,8434.9,8449.66,8449.94,8409.17,346240000.0,-0.17
2020-11-15,8501.58,8434.9,8507.67,8454.27,456270000.0,0.79
2020-11-16,8526.64,8501.58,8526.64,8458.45,507400000.0,0.29
2020-11-17,8572.73,8526.64,8582.48,8534.19,551700000.0,0.54
2020-11-18,8621.19,8572.73,8621.19,8548.28,529220000.0,0.57
2020-11-19,8578.42,8621.19,8616.23,8571.47,429890000.0,-0.5
2020-11-22,8588.17,8578.42,8629.18,8580.83,452250000.0,0.11
2020-11-23,8610.84,8588.17,8623.69,8547.51,483850000.0,0.26
2020-11-24,8636.14,8610.84,8675.36,8618.84,496530000.0,0.29
2020-11-25,8688.76,8636.14,8721.45,8667.6,533909999.99999994,0.61
2020-11-26,8693.47,8628.06,8693.47,8608.45,487460000.0,0.05
2020-11-29,8708.59,8693.47,8730.54,8694.84,444730000.0,0.17
2020-11-30,8747.09,8708.59,8747.09,8660.72,505900000.0,0.44
2020-12-01,8722.12,8747.09,8731.36,8692.59,649870000.0,-0.29
2020-12-02,8694.13,8722.12,8720.33,8658.75,357240000.0,-0.32
2020-12-03,8674.97,8694.13,8691.96,8638.27,352910000.0,-0.22
2020-12-06,8581.68,8674.97,8703.33,8580.92,376340000.0,-1.08
2020-12-07,8633.38,8581.68,8633.38,8536.92,369440000.0,0.6
2020-12-08,8612.13,8633.38,8636.37,8584.49,391850000.0,-0.25
2020-12-09,8660.21,8612.13,8663.86,8613.57,367760000.0,0.56
2020-12-10,8643.97,8660.21,8667.98,8637.23,338730000.0,-0.19
2020-12-13,8644.47,8643.97,8680.98,8633.77,321960000.0,0.01
2020-12-14,8660.31,8644.47,8660.31,8632.52,315500000.0,0.18
2020-12-15,8659.37,8660.31,8699.62,8649.13,347100000.0,-0.01
2020-12-16,8721.18,8659.37,8721.18,8673.84,372830000.0,0.71
2020-12-17,8711.58,8721.18,8765.8,8711.58,424720000.0,-0.11
2020-12-20,8686.89,8711.58,8761.84,8684.42,365920000.0,-0.28
2020-12-21,8538.68,8686.89,8585.99,8464.32,482150000.0,-1.71
2020-12-22,8680.45,8538.68,8680.45,8527.39,349390000.0,1.66
2020-12-23,8720.67,8680.45,8730.7,8648.44,367340000.0,0.46
2020-12-24,8702.68,8720.67,8733.1,8678.8,365220000.0,-0.21
2020-12-27,8740.66,8702.68,8751.97,8707.61,396770000.0,0.44
2020-12-28,8715.38,8740.66,8750.53,8709.62,326680000.0,-0.29
2020-12-29,8746.76,8715.38,8746.76,8692.25,282540000.0,0.36
2020-12-30,8760.08,8746.76,8760.08,8718.17,247090000.0,0.15
2020-12-31,8689.53,8760.08,8755.49,8689.53,210650000.0,-0.81
2021-01-03,8612.82,8689.53,8698.34,8600.56,264779999.99999997,-0.88
2021-01-04,8667.66,8612.82,8670.77,8621.55,245610000.0,0.64
2021-01-05,8682.11,8667.66,8695.23,8632.67,220960000.0,0.17
2021-01-06,8670.8,8682.11,8692.9,8664.94,198220000.0,-0.13
2021-01-07,8737.2,8670.8,8737.2,8659.6,256250000.0,0.77
2021-01-10,8817.05,8737.2,8841.22,8768.89,280200000.0,0.91
2021-01-11,8869.47,8817.05,8869.47,8804.26,301600000.0,0.59
2021-01-12,8884.46,8869.47,8884.46,8854.34,221950000.0,0.17
2021-01-13,8914.29,8884.46,8914.29,8880.91,257000000.0,0.34
2021-01-14,8898.68,8914.29,8912.78,8873.42,222480000.0,-0.18
2021-01-17,8874.9,8898.68,8901.48,8866.66,242170000.0,-0.27
2021-01-18,8931.29,8874.9,8931.29,8853.89,332270000.0,0.64
2021-01-19,8901.87,8931.29,8955.44,8901.87,229890000.0,-0.33
2021-01-20,8878.3,8901.87,8916.39,8878.3,206200000.0,-0.26
2021-01-21,8876.49,8878.3,8909.86,8876.49,183090000.0,-0.02
2021-01-24,8829.52,8876.49,8886.02,8819.56,188990000.0,-0.53
2021-01-25,8846.95,8829.52,8872.71,8837.69,169000000.0,0.2
2021-01-26,8789.87,8846.95,8844.73,8789.87,160050000.0,-0.65
2021-01-27,8784.12,8789.87,8820.48,8784.12,142290000.0,-0.07
2021-01-28,8807.02,8784.12,8816.76,8739.4,177800000.0,0.26
2021-01-31,8702.55,8807.02,8781.46,8677.51,251180000.0,-1.19
2021-02-01,8648.43,8702.55,8755.98,8648.43,218640000.0,-0.62
2021-02-02,8618.57,8648.43,8714.79,8611.06,206580000.0,-0.35
2021-02-03,8542.55,8618.57,8622.71,8542.55,230930000.0,-0.88
2021-02-04,8617.87,8542.55,8626.29,8464.47,233520000.0,0.88
2021-02-07,8687.93,8617.87,8719.62,8619.72,200020000.0,0.81
2021-02-08,8809.34,8687.93,8822.2,8692.74,276190000.0,1.4
2021-02-09,8892.92,8809.34,8918.16,8825.72,313300000.0,0.95
2021-02-10,8901.63,8892.92,8972.26,8889.92,304660000.0,0.1
2021-02-11,8943.85,8901.63,8943.85,8891.48,292080000.0,0.47
2021-02-14,9035.53,8943.85,9047.7,8956.49,324150000.0,1.03
2021-02-15,9081.78,9035.53,9142.21,9054.76,386140000.0,0.51
2021-02-16,9101.96,9081.78,9117.63,9027.34,480100000.0,0.22
2021-02-17,9084.31,9101.96,9134.41,9058.28,489110000.0,-0.19
2021-02-18,9024.23,9084.31,9118.23,9024.23,382320000.0,-0.66
2021-02-21,9085.97,9067.92,9108.32,9061.8,313220000.0,0.68
2021-02-22,9077.62,9090.13,9114.01,9064.02,382520000.0,-0.09
2021-02-23,9151.71,9096.86,9177.91,9095.43,465770000.0,0.82
2021-02-24,9115.76,9166.81,9217.03,9078.54,545870000.0,-0.39
2021-02-25,9194.92,9161.6,9263.16,9161.14,449560000.0,0.87
2021-02-28,9144.99,9115.61,9198.65,9099.14,408620000.0,-0.54
2021-03-01,9138.37,9161.8,9222.98,9132.03,497680000.0,-0.07
2021-03-02,9248.28,9159.46,9266.99,9158.98,570400000.0,1.2
2021-03-03,9310.28,9267.84,9314.75,9257.27,531200000.00000006,0.67
2021-03-04,9242.28,9311.16,9311.92,9242.28,507270000.0,-0.73
2021-03-07,9351.08,9320.56,9375.35,9320.19,572990000.0,1.18
2021-03-08,9374.37,9353.07,9397.17,9320.35,582330000.0,0.25
2021-03-09,9473.2,9381.64,9487.65,9380.74,571870000.0,1.05
2021-03-10,9595.45,9486.59,9617.31,9486.09,536309999.99999994,1.29
2021-03-11,9587.79,9605.62,9639.88,9549.62,455910000.0,-0.08
2021-03-14,9664.61,9611.32,9666.58,9611.32,450290000.0,0.8
2021-03-15,9645.74,9678.5,9678.7,9610.72,508450000.0,-0.2
2021-03-16,9660.27,9640.31,9698.68,9619.71,727290000.0,0.15
2021-03-17,9602.26,9666.49,9673.57,9566.66,472280000.0,-0.6
2021-03-18,9485.96,9604.45,9624.14,9485.96,355780000.0,-1.21
2021-03-21,9498.85,9462.19,9508.42,9454.25,289280000.0,0.14
2021-03-22,9547.42,9500.56,9565.69,9466.84,344720000.0,0.51
2021-03-23,9489.63,9546.12,9571.88,9489.63,376550000.0,-0.61
2021-03-24,9464.08,9462.58,9498.71,9430.66,290920000.0,-0.27
2021-03-25,9417.71,9463.52,9495.43,9417.71,253310000.0,-0.49
2021-03-28,9482.95,9438.6,9508.2,9422.91,252810000.0,0.69
2021-03-29,9615.63,9496.36,9615.63,9492.07,314740000.0,1.4
2021-03-30,9635.34,9610.66,9635.34,9592.28,355300000.0,0.2
2021-03-31,9907.82,9810.52,9909.64,9762.37,507950000.0,2.83
2021-04-01,9895.56,9908.07,9938.5,9869.47,328300000.0,-0.12
2021-04-04,9962.77,9891.1,9986.16,9862.77,373200000.0,0.68
2021-04-05,9964.84,9969.51,9984.14,9939.6,364400000.0,0.02
2021-04-06,9988.98,9965.18,9995.84,9958.93,396760000.0,0.24
2021-04-07,10014.3,9992.51,10030.35,9979.16,336290000.0,0.25
2021-04-08,10012.13,10011.35,10039.23,9977.15,282440000.0,-0.02
2021-04-11,9938.32,10010.59,10015.76,9921.27,302390000.0,-0.74
2021-04-12,9907.62,9927.02,9929.65,9846.57,285600000.0,-0.31
2021-04-13,9838.28,9911.53,9922.0,9838.28,254230000.0,-0.7
2021-04-14,9847.62,9820.03,9847.62,9767.01,202950000.0,0.09
2021-04-15,9987.92,9863.29,9987.92,9862.29,225510000.0,1.42
2021-04-18,10048.7,10009.61,10065.05,10006.1,237440000.0,0.61
2021-04-19,10097.65,10062.16,10097.65,10007.38,338520000.0,0.49
2021-04-20,10116.98,10097.01,10125.57,10086.86,345980000.0,0.19
2021-04-21,10095.36,10127.94,10142.16,10095.36,251780000.0,-0.21
2021-04-22,10134.08,10109.59,10136.66,10092.22,260560000.0,0.38
2021-04-25,10142.48,10139.08,10173.3,10128.99,275140000.0,0.08
2021-04-26,10231.06,10155.11,10231.06,10139.97,309560000.0,0.87
2021-04-27,10267.17,10226.35,10267.17,10205.03,359500000.0,0.35
2021-04-28,10531.22,10328.49,10540.17,10308.6,457400000.0,2.57
2021-04-29,10418.98,10493.64,10503.33,10382.49,356290000.0,-1.07
2021-05-02,10365.51,10406.06,10416.48,10330.72,321050000.0,-0.51
2021-05-03,10309.37,10381.4,10386.34,10309.37,270270000.0,-0.54
2021-05-04,10318.94,10320.96,10354.03,10253.32,238910000.0,0.09
2021-05-05,10252.15,10324.7,10332.38,10252.15,241250000.0,-0.65
2021-05-06,10228.35,10254.88,10258.27,10170.53,245640000.0,-0.23
2021-05-09,10228.19,10244.86,10273.28,10209.91,172400000.0,0.0
2021-05-10,10322.68,10235.72,10322.68,10233.15,222050000.0,0.92
2021-05-17,10396.44,10332.98,10413.19,10318.47,298200000.0,0.71
2021-05-18,10423.51,10424.23,10492.97,10401.38,317840000.0,0.26
2021-05-19,10372.54,10427.04,10431.19,10360.29,263019999.99999997,-0.49
2021-05-20,10339.85,10369.58,10381.15,10313.11,297880000.0,-0.32
2021-05-23,10343.86,10352.67,10367.67,10307.83,356680000.0,0.04
2021-05-24,10318.51,10349.07,10375.53,10318.51,382710000.0,-0.25
2021-05-25,10448.0,10332.21,10448.0,10331.98,319700000.0,1.25
2021-05-26,10471.55,10452.61,10490.16,10447.57,302150000.0,0.23
2021-05-27,10519.52,10472.41,10519.52,10461.53,382970000.0,0.46
2021-05-30,10547.67,10529.76,10571.98,10519.24,408590000.0,0.27
2021-05-31,10551.23,10561.46,10569.5,10514.97,464240000.0,0.03
2021-06-01,10597.42,10560.85,10644.34,10552.67,499940000.0,0.44
2021-06-02,10656.81,10617.28,10680.2,10610.29,267440000.0,0.56
2021-06-03,10698.3,10657.78,10700.84,10648.23,412520000.0,0.39
2021-06-06,10685.45,10705.47,10743.26,10676.95,441910000.0,-0.12
2021-06-07,10719.85,10689.92,10719.85,10681.94,418630000.0,0.32
2021-06-08,10735.39,10719.3,10753.71,10599.15,512090000.00000006,0.14
2021-06-09,10790.24,10749.78,10790.24,10746.95,431160000.0,0.51
2021-06-10,10796.33,10796.99,10839.24,10780.47,387080000.0,0.06
2021-06-13,10897.47,10825.72,10903.42,10816.87,382230000.0,0.94
2021-06-14,10913.56,10908.89,10989.61,10844.63,426150000.0,0.15
2021-06-15,10831.38,10918.19,10932.82,10816.73,370350000.0,-0.75
2021-06-16,10855.95,10848.73,10870.13,10811.08,264269999.99999997,0.23
2021-06-17,10853.12,10862.49,10894.61,10847.31,419030000.0,-0.03
2021-06-20,10790.75,10858.15,10863.73,10770.63,342020000.0,-0.57
2021-06-21,10859.18,10777.96,10872.9,10745.92,328090000.0,0.63
2021-06-22,10891.64,10874.08,10916.9,10873.95,345730000.0,0.3
2021-06-23,10894.2,10922.57,10935.89,10881.28,474870000.0,0.02
2021-06-24,10919.68,10913.06,10932.73,10895.66,390340000.0,0.23
2021-06-27,10966.71,10926.64,10990.14,10925.3,429810000.0,0.43
2021-06-28,10957.07,10981.2,10985.79,10939.69,373940000.0,-0.09
2021-06-29,10996.38,10963.93,10996.38,10934.73,366370000.0,0.36
2021-06-30,10984.15,11002.74,11009.7,10940.44,374660000.0,-0.11
2021-07-01,10979.05,10987.13,11006.66,10968.11,352200000.0,-0.05
2021-07-04,11031.73,10993.75,11063.86,10993.59,364680000.0,0.48
2021-07-05,11001.03,11031.33,11043.25,10955.75,381630000.0,-0.28
2021-07-06,10971.21,11002.77,11020.99,10971.21,285680000.0,-0.27
2021-07-07,10958.55,10953.35,10967.35,10904.9,277040000.0,-0.12
2021-07-08,10825.01,10946.67,10946.78,10814.9,304560000.0,-1.22
2021-07-11,10688.34,10871.24,10883.32,10659.12,248870000.0,-1.26
2021-07-12,10698.54,10670.05,10766.35,10589.38,245170000.0,0.1
2021-07-13,10735.85,10707.6,10767.84,10690.68,192040000.0,0.35
2021-07-14,10778.07,10734.27,10802.04,10721.09,199000000.0,0.39
2021-07-15,10794.51,10792.03,10873.82,10782.74,236230000.0,0.15
2021-07-25,10876.36,10867.22,10955.97,10867.22,216680000.0,0.76
2021-07-26,10897.87,10920.55,10923.11,10841.99,223770000.0,0.2
2021-07-27,10916.67,10899.75,10927.7,10887.34,223380000.0,0.17
2021-07-28,10933.73,10911.05,10948.81,10905.02,205670000.0,0.16
2021-07-29,11012.71,10939.51,11012.71,10921.11,208600000.0,0.72
2021-08-01,11066.93,11041.85,11100.03,11033.71,252170000.0,0.49
2021-08-02,11157.02,11091.66,11157.02,11091.66,265060000.0,0.81
2021-08-03,11208.76,11151.66,11208.76,11123.5,247570000.0,0.46
2021-08-04,11162.38,11206.21,11210.54,11128.71,207790000.0,-0.41
2021-08-05,11209.42,11155.34,11209.42,11066.77,213780000.0,0.42
2021-08-08,11215.33,11202.59,11235.41,11191.77,205470000.0,0.05
2021-08-09,11197.97,11215.37,11225.3,11174.61,225560000.0,-0.15
2021-08-10,11299.87,11200.8,11299.87,11198.33,189870000.0,0.91
2021-08-11,11325.1,11299.41,11348.66,11292.19,206420000.0,0.22
2021-08-12,11323.7,11326.86,11391.58,11270.5,220670000.0,-0.01
2021-08-15,11351.63,11314.71,11354.22,11295.43,165020000.0,0.25
2021-08-16,11321.85,11341.49,11384.89,11312.08,171470000.0,-0.26
2021-08-17,11392.83,11310.09,11392.83,11270.85,167300000.0,0.63
2021-08-18,11344.94,11391.31,11402.65,11308.31,143800000.0,-0.42
2021-08-19,11201.64,11305.12,11305.22,11164.89,196940000.0,-1.26
2021-08-22,11076.55,11191.11,11213.56,11049.05,150360000.0,-1.12
2021-08-23,11062.99,11090.76,11179.24,11032.67,160580000.0,-0.12
2021-08-24,11141.03,11092.11,11141.03,11057.57,133770000.00000001,0.71
2021-08-25,11156.63,11153.24,11183.11,11103.23,139780000.0,0.14
2021-08-26,11128.59,11169.27,11169.54,11104.03,118040000.0,-0.25
2021-08-29,11180.19,11141.95,11180.19,11138.77,138490000.0,0.46
2021-08-30,11255.05,11195.48,11255.05,11169.83,153930000.0,0.67
2021-08-31,11319.24,11253.82,11319.24,11251.63,224830000.0,0.57
2021-09-01,11310.54,11315.66,11327.88,11292.74,166580000.0,-0.08
2021-09-02,11319.87,11300.76,11324.09,11285.01,175080000.0,0.08
2021-09-05,11335.92,11324.38,11346.87,11315.71,192650000.0,0.14
2021-09-06,11407.91,11336.74,11407.91,11332.93,195900000.0,0.64
2021-09-07,11414.34,11416.58,11458.68,11402.92,192920000.0,0.06
2021-09-08,11455.65,11425.54,11455.65,11408.3,174310000.0,0.36
2021-09-09,11417.79,11446.05,11450.78,11397.65,181570000.0,-0.33
2021-09-12,11342.85,11424.4,11428.09,11325.6,159470000.0,-0.66
2021-09-13,11386.38,11343.27,11386.38,11294.72,182780000.0,0.38
2021-09-14,11373.18,11394.42,11418.7,11357.22,180280000.0,-0.12
2021-09-15,11410.98,11382.46,11414.58,11358.61,176400000.0,0.33
2021-09-16,11422.11,11409.92,11435.57,11378.08,223090000.0,0.1
2021-09-19,11397.84,11424.2,11434.98,11371.22,184050000.0,-0.21
2021-09-20,11328.33,11370.58,11372.66,11293.66,183130000.0,-0.61
2021-09-21,11315.81,11284.49,11354.53,11239.29,176890000.0,-0.11
2021-09-22,11270.57,11311.15,11345.43,11270.57,140810000.0,-0.4
2021-09-26,11352.86,11342.94,11370.83,11323.12,169400000.0,0.73
2021-09-27,11369.09,11366.55,11391.32,11333.48,238150000.0,0.14
2021-09-28,11382.41,11383.72,11444.2,11355.83,263190000.0,0.12
2021-09-29,11383.65,11363.01,11390.53,11331.35,181260000.0,0.01
2021-09-30,11495.76,11388.12,11495.76,11379.61,181900000.0,0.98
2021-10-03,11453.25,11494.11,11497.74,11428.09,182580000.0,-0.37
2021-10-04,11466.91,11448.4,11514.99,11421.53,198020000.0,0.12
2021-10-05,11555.53,11471.08,11573.13,11470.7,198930000.0,0.77
2021-10-06,11571.88,11577.36,11654.98,11538.45,219520000.0,0.14
2021-10-07,11591.33,11585.34,11629.35,11544.45,167670000.0,0.17
2021-10-10,11566.02,11602.39,11675.48,11502.08,205600000.0,-0.22
2021-10-11,11512.11,11571.51,11590.24,11330.63,261100000.00000003,-0.47
2021-10-12,11542.88,11559.14,11568.89,11485.92,213590000.0,0.27
2021-10-13,11624.98,11539.14,11624.98,11531.96,172520000.0,0.71
2021-10-14,11699.11,11641.39,11699.11,11636.99,194660000.0,0.64
2021-10-17,11773.36,11748.27,11782.79,11741.11,218210000.0,0.63
2021-10-18,11758.02,11759.13,11774.78,11707.94,193490000.0,-0.13
2021-10-19,11792.54,11781.66,11836.3,11744.66,198610000.0,0.29
2021-10-20,11903.74,11822.56,11903.74,11810.26,189750000.0,0.94
2021-10-21,11939.58,11919.29,11939.58,11877.53,202420000.0,0.3
2021-10-24,11848.05,11950.65,11954.88,11832.9,221430000.0,-0.77
2021-10-25,11889.84,11845.93,11898.66,11783.48,178920000.0,0.35
2021-10-26,11846.69,11890.4,11922.07,11846.69,156850000.0,-0.36
2021-10-27,11807.79,11851.68,11886.26,11779.29,174450000.0,-0.33
2021-10-28,11758.82,11745.5,11783.0,11671.08,185910000.0,-0.41
2021-10-31,11704.14,11757.16,11807.27,11699.36,153680000.0,-0.47
2021-11-01,11722.95,11708.62,11759.74,11695.97,129590000.0,0.16
2021-11-02,11752.12,11726.19,11789.21,11724.45,130699999.99999999,0.25
2021-11-03,11685.66,11750.75,11758.64,11627.38,156970000.0,-0.57
2021-11-04,11752.23,11674.99,11752.23,11636.34,130220000.0,0.57
2021-11-07,11841.6,11785.15,11843.27,11755.86,140860000.0,0.76
2021-11-08,11846.53,11849.82,11912.44,11794.09,191610000.0,0.04
2021-11-09,11753.18,11856.67,11872.28,11753.18,181470000.0,-0.79
2021-11-10,11857.51,11751.22,11863.19,11741.23,151150000.0,0.89
2021-11-11,11898.94,11855.57,11914.13,11841.94,131889999.99999999,0.35
2021-11-14,11913.05,11928.49,11936.0,11883.74,115990000.0,0.12
2021-11-15,11836.58,11903.08,11920.15,11836.58,170200000.0,-0.64
2021-11-16,11827.48,11839.63,11859.67,11752.43,159590000.0,-0.08
2021-11-17,11833.54,11805.93,11850.57,11778.88,143330000.0,0.05
2021-11-18,11710.45,11814.19,11839.3,11700.78,144060000.0,-1.04
2021-11-21,11485.94,11640.63,11641.56,11417.58,161490000.0,-1.92
2021-11-22,11171.76,11457.98,11514.12,11149.32,206070000.0,-2.74
2021-11-23,11256.52,11127.25,11302.18,11036.61,184890000.0,0.76
2021-11-24,11369.38,11328.02,11425.49,11281.56,150240000.0,1.0
2021-11-25,11299.45,11368.18,11472.35,11299.45,140070000.0,-0.62
2021-11-28,10787.79,10668.4,10952.01,10668.4,223130000.0,-4.53
2021-11-29,10810.6,10870.62,10986.56,10779.79,189950000.0,0.21
2021-11-30,10761.8,10789.1,10789.82,10599.73,289150000.0,-0.45
2021-12-01,10849.96,10809.19,10866.98,10753.02,184740000.0,0.82
2021-12-02,10882.79,10838.11,10914.82,10796.27,139640000.0,0.3
2021-12-05,11142.47,10926.06,11142.47,10925.08,189520000.0,2.39
2021-12-06,11021.07,11196.72,11278.37,11021.07,236300000.0,-1.09
2021-12-07,11108.2,11125.08,11149.13,11081.64,208860000.0,0.79
2021-12-08,10991.8,11130.97,11132.34,10991.8,218190000.0,-1.05
2021-12-09,10938.88,11007.53,11049.19,10892.58,174790000.0,-0.48
2021-12-12,10969.06,10916.08,10974.35,10880.0,305580000.0,0.28
2021-12-13,11019.86,11030.37,11096.91,11019.86,232270000.0,0.46
2021-12-14,11024.68,11035.48,11058.95,10975.46,182350000.0,0.04
2021-12-15,11143.38,11027.02,11149.93,11012.06,187550000.0,1.08
2021-12-16,11311.89,11200.75,11365.33,11199.77,255180000.0,1.51
2021-12-19,11160.24,11241.41,11267.37,11150.93,176440000.0,-1.34
2021-12-20,11170.48,11121.06,11171.23,11036.3,188170000.0,0.09
2021-12-21,11261.28,11175.15,11261.28,11170.57,142760000.0,0.81
2021-12-22,11204.43,11287.75,11336.45,11181.22,165940000.0,-0.5
2021-12-23,11271.46,11215.58,11286.67,11198.62,128639999.99999999,0.6
2021-12-26,11168.3,11272.55,11298.18,11158.05,113810000.0,-0.92
2021-12-27,11161.04,11156.28,11175.85,11086.96,138680000.0,-0.07
2021-12-28,11315.32,11193.93,11315.32,11193.48,144980000.0,1.38
2021-12-29,11199.84,11312.1,11343.72,11144.98,224480000.0,-1.02
2021-12-30,11281.71,11199.56,11281.71,11167.14,132210000.00000001,0.73
2022-01-02,11331.91,11280.35,11345.86,11257.02,129750000.0,0.44
2022-01-03,11327.52,11320.25,11407.66,11264.42,188430000.0,-0.04
2022-01-04,11356.8,11351.62,11380.51,11317.46,134430000.0,0.26
2022-01-05,11453.08,11358.58,11453.08,11358.58,139970000.0,0.85
2022-01-06,11430.51,11427.73,11468.52,11371.71,142590000.0,-0.2
2022-01-09,11560.47,11452.98,11560.47,11451.54,172460000.0,1.14
2022-01-10,11664.83,11577.0,11664.83,11576.23,204540000.0,0.9
2022-01-11,11843.55,11675.81,11843.55,11641.7,185960000.0,1.53
2022-01-12,11957.08,11845.46,11957.08,11819.39,193830000.0,0.96
2022-01-13,12079.01,11965.23,12079.01,11946.97,197930000.0,1.02
2022-01-16,12110.15,12107.24,12209.54,12045.49,229040000.0,0.26
2022-01-17,12165.84,12137.57,12165.84,12048.81,192860000.0,0.46
2022-01-18,12193.75,12174.52,12260.34,12166.1,209760000.0,0.23
2022-01-19,12260.13,12186.3,12260.13,12135.34,170340000.0,0.54
2022-01-20,12290.96,12274.27,12291.05,12218.3,150860000.0,0.25
2022-01-23,12139.83,12276.16,12276.18,12113.09,130940000.0,-1.23
2022-01-24,12068.43,12127.11,12174.81,12031.45,109810000.0,-0.59
2022-01-25,12108.56,12051.95,12108.56,11976.56,117980000.0,0.33
2022-01-26,12182.51,12119.35,12222.39,12093.53,134009999.99999999,0.61
2022-01-27,12179.32,12156.23,12195.82,12147.34,162820000.0,-0.03
2022-01-30,12259.25,12218.81,12274.8,12218.18,197410000.0,0.66
2022-01-31,12271.84,12269.92,12359.97,12269.92,229530000.0,0.1
2022-02-01,12293.38,12310.14,12348.66,12246.28,189840000.0,0.18
2022-02-02,12192.61,12287.44,12316.26,12192.61,166190000.0,-0.82
2022-02-03,12142.38,12178.04,12219.24,12142.38,135170000.0,-0.41
2022-02-06,12204.45,12179.84,12214.97,12109.64,147300000.0,0.51
2022-02-07,12249.19,12224.49,12258.12,12194.88,173940000.0,0.37
2022-02-08,12225.88,12258.41,12274.94,12181.75,154870000.0,-0.19
2022-02-09,12205.47,12240.4,12245.35,12168.84,142070000.0,-0.17
2022-02-10,12268.71,12203.52,12268.71,12174.29,153950000.0,0.52
2022-02-13,12029.04,12182.54,12184.89,11910.47,225160000.0,-1.95
2022-02-14,12204.58,12020.46,12204.58,11967.5,190160000.0,1.46
2022-02-15,12350.64,12187.51,12358.17,12160.46,191510000.0,1.2
2022-02-16,12495.22,12362.75,12511.58,12344.33,243450000.0,1.17
2022-02-17,12476.54,12519.46,12519.46,12428.35,218850000.0,-0.15
2022-02-20,12463.17,12530.44,12616.61,12463.17,228180000.0,-0.11
2022-02-21,12561.6,12475.23,12640.81,12475.23,295940000.0,0.79
2022-02-23,12527.63,12521.36,12591.46,12470.81,254690000.0,-0.27
2022-02-24,12297.62,12269.27,12368.38,12190.37,384610000.0,-1.84
2022-02-27,12417.56,12497.38,12570.31,12400.58,235880000.0,0.98
2022-02-28,12590.26,12415.16,12590.26,12344.4,264760000.0,1.39
2022-03-01,12674.34,12594.7,12748.0,12583.64,266790000.00000003,0.67
2022-03-02,12654.65,12700.03,12750.16,12607.46,277670000.0,-0.16
2022-03-03,12756.31,12724.96,12781.46,12694.91,303810000.0,0.8
2022-03-06,12804.22,12841.83,12862.68,12798.76,276190000.0,0.38
2022-03-07,12808.03,12858.59,12881.92,12684.33,285820000.0,0.03
2022-03-08,12851.22,12795.88,12879.39,12718.2,262209999.99999997,0.34
2022-03-09,12738.59,12864.11,12928.0,12738.59,229460000.0,-0.88
2022-03-10,12684.16,12734.64,12791.74,12641.33,203090000.0,-0.43
2022-03-13,12605.4,12725.43,12771.51,12605.18,209290000.0,-0.62
2022-03-14,12492.14,12626.18,12637.09,12479.24,194100000.0,-0.9
2022-03-15,12407.6,12458.87,12484.8,12390.65,156490000.0,-0.68
2022-03-16,12656.23,12459.8,12656.23,12447.71,264399999.99999997,2.0
2022-03-17,12769.21,12719.76,12831.8,12674.05,345680000.0,0.89
2022-03-20,12875.8,12836.39,12919.4,12808.4,188050000.0,0.83
2022-03-21,12831.69,12905.55,12959.96,12828.81,211830000.0,-0.34
2022-03-22,12881.45,12851.03,12881.45,12791.69,170740000.0,0.39
2022-03-23,12944.16,12875.4,12944.16,12862.6,158200000.0,0.49
2022-03-24,12948.37,12957.36,12968.15,12914.05,171140000.0,0.03
2022-03-27,12999.73,12916.1,13000.1,12901.3,198570000.0,0.4
2022-03-28,13064.11,12999.81,13064.11,12972.88,207250000.0,0.5
2022-03-29,13101.36,13065.16,13114.89,13039.64,235200000.0,0.29
2022-03-30,13038.22,13096.78,13101.06,12992.27,216180000.0,-0.48
2022-03-31,13090.4,13029.14,13090.4,12981.91,209380000.0,0.4
2022-04-03,13082.76,13132.42,13147.97,13063.52,116980000.0,-0.06
2022-04-04,13165.34,13087.63,13165.34,13057.01,183400000.0,0.63
2022-04-05,13206.88,13189.72,13226.12,13159.79,214400000.0,0.32
2022-04-06,13255.96,13198.42,13271.95,13167.81,285120000.0,0.37
2022-04-07,13313.98,13250.63,13328.23,13231.17,183620000.0,0.44
2022-04-10,13395.46,13350.9,13422.59,13342.83,169830000.0,0.61
2022-04-11,13483.23,13412.3,13511.52,13399.67,217590000.0,0.66
2022-04-12,13646.12,13500.72,13646.12,13489.47,241920000.0,1.21
2022-04-13,13540.27,13648.97,13680.02,13509.5,240230000.0,-0.78
2022-04-14,13621.08,13540.1,13621.08,13436.45,201090000.0,0.6
2022-04-17,13682.39,13644.85,13707.66,13584.07,174210000.0,0.45
2022-04-18,13733.14,13670.2,13742.25,13658.11,158340000.0,0.37
2022-04-19,13505.57,13752.12,13783.56,13505.57,180240000.0,-1.66
2022-04-20,13668.54,13552.67,13672.81,13483.54,182210000.0,1.21
2022-04-21,13534.4,13680.54,13701.93,13534.4,181370000.0,-0.98
2022-04-24,13463.09,13491.86,13504.82,13388.65,124070000.0,-0.53
2022-04-25,13543.25,13451.11,13543.25,13371.16,181600000.0,0.6
2022-04-26,13503.49,13585.58,13635.76,13417.1,158460000.0,-0.29
2022-04-27,13643.91,13533.74,13675.74,13515.75,149650000.0,1.04
2022-04-28,13733.87,13708.73,13765.7,13652.95,151720000.0,0.66
2022-05-08,13820.35,13790.83,13832.79,13747.77,140100000.0,0.63
2022-05-09,13814.85,13853.06,13949.13,13812.63,223500000.0,-0.04
2022-05-10,13509.31,13760.97,13769.05,13462.51,184890000.0,-2.21
2022-05-11,13379.08,13493.01,13595.4,13377.69,164500000.0,-0.96
2022-05-12,12835.3,13391.49,13393.0,12835.3,209810000.0,-4.06
2022-05-15,13149.29,13017.07,13211.58,12895.88,141540000.0,2.45
2022-05-16,12914.89,13229.41,13286.34,12914.46,174710000.0,-1.78
2022-05-17,12689.87,12937.48,12953.89,12575.65,204800000.0,-1.74
2022-05-18,12713.38,12750.69,12919.26,12700.72,190600000.0,0.19
2022-05-19,12427.96,12484.9,12545.06,12349.28,191150000.0,-2.25
2022-05-22,12334.94,12536.22,12539.7,12243.78,784680000.0,-0.75
2022-05-23,12235.91,12386.1,12456.7,12178.51,178940000.0,-0.8
2022-05-24,12300.86,12251.21,12355.23,12199.5,157930000.0,0.53
2022-05-25,12588.89,12333.28,12631.44,12325.13,184340000.0,2.34
2022-05-26,12530.34,12655.7,12730.14,12472.88,167920000.0,-0.47
2022-05-29,12689.01,12633.85,12717.13,12633.84,151470000.0,1.27
2022-05-30,12907.17,12711.77,12922.64,12710.41,226700000.0,1.72
2022-05-31,12921.74,12967.78,13034.5,12806.05,386640000.0,0.11
2022-06-01,12766.47,12911.45,12912.92,12766.47,182270000.0,-1.2
2022-06-02,12605.01,12766.2,12768.96,12605.01,178890000.0,-1.26
2022-06-05,12656.05,12610.21,12673.84,12557.52,138080000.0,0.4
2022-06-06,12821.96,12679.49,12851.7,12677.87,180130000.0,1.31
2022-06-07,12662.75,12832.04,12838.83,12651.31,152060000.0,-1.24
2022-06-08,12596.3,12690.72,12748.9,12584.27,141340000.0,-0.52
2022-06-09,12603.89,12597.6,12612.74,12497.45,151190000.0,0.06
2022-06-12,12322.35,12530.66,12530.66,12322.35,173570000.0,-2.23
2022-06-13,12053.44,12278.52,12286.19,11983.3,209740000.0,-2.18
2022-06-14,12020.68,12038.42,12114.78,11708.78,231210000.0,-0.27
2022-06-15,11978.51,12036.02,12131.74,11978.23,184150000.0,-0.35
2022-06-16,11824.42,12029.14,12116.94,11809.8,219610000.0,-1.29
2022-06-19,11299.18,11668.14,11676.39,11299.18,178910000.0,-4.44
2022-06-20,11361.53,11298.97,11456.11,11217.91,155670000.0,0.55
2022-06-21,11659.64,11441.71,11683.32,11439.61,173780000.0,2.62
2022-06-22,11319.88,11641.56,11641.56,11319.88,219790000.0,-2.91
2022-06-23,11310.67,11348.21,11379.04,11229.55,143590000.0,-0.08
2022-06-26,11513.01,11515.18,11566.69,11480.31,155310000.0,1.79
2022-06-27,11427.26,11573.04,11588.53,11406.07,189520000.0,-0.74
2022-06-28,11671.15,11425.5,11671.15,11380.67,149620000.0,2.13
2022-06-29,11727.19,11654.86,11783.99,11618.8,167170000.0,0.48
2022-06-30,11523.25,11740.17,11756.3,11523.25,177870000.0,-1.74
2022-07-03,11464.98,11590.31,11609.93,11451.6,124210000.0,-0.51
2022-07-04,11358.4,11466.33,11480.42,11294.91,136340000.0,-0.93
2022-07-05,11344.57,11361.22,11413.45,11311.12,143360000.0,-0.12
2022-07-06,11416.54,11261.91,11420.19,11223.69,144200000.0,0.63
2022-07-13,11289.75,11418.81,11531.08,11289.75,135370000.0,-1.11
2022-07-14,11163.02,11280.09,11316.89,11096.74,121220000.0,-1.12
2022-07-17,11292.41,11308.2,11365.45,11239.13,107280000.0,1.16
2022-07-18,11555.08,11297.43,11555.08,11296.62,163240000.0,2.33
2022-07-19,11761.35,11582.51,11761.41,11530.6,190990000.0,1.79
2022-07-20,11864.34,11810.1,11995.29,11780.48,217390000.0,0.88
2022-07-21,11987.97,11930.99,11987.97,11834.92,166680000.0,1.04
2022-07-24,11975.14,11982.09,12052.9,11955.54,152860000.0,-0.11
2022-07-25,11874.22,11961.79,11962.15,11858.52,163760000.0,-0.84
2022-07-26,11964.21,11912.85,11977.68,11886.08,164320000.0,0.76
2022-07-27,12052.18,12004.92,12097.62,11984.31,138650000.0,0.74
2022-07-28,12155.02,12122.98,12195.68,12111.81,316770000.0,0.85
2022-07-31,12199.08,12225.31,12268.51,12186.2,177790000.0,0.36
2022-08-01,12338.95,12236.73,12338.95,12197.35,209350000.0,1.15
2022-08-02,12310.63,12334.02,12334.47,12221.21,210260000.0,-0.23
2022-08-03,12291.93,12290.3,12299.24,12202.37,200010000.0,-0.15
2022-08-04,12291.54,12292.72,12329.22,12243.41,183520000.0,0.0
2022-08-07,12216.84,12314.08,12315.97,12201.49,147510000.0,-0.61
2022-08-08,12297.29,12230.02,12324.9,12226.74,156640000.0,0.66
2022-08-09,12329.99,12314.47,12344.08,12277.38,167980000.0,0.27
2022-08-10,12431.45,12346.11,12431.45,12314.86,178840000.0,0.82
2022-08-11,12530.76,12471.84,12538.32,12469.15,213740000.0,0.8
2022-08-14,12514.37,12548.38,12568.17,12497.17,223680000.0,-0.13
2022-08-15,12543.77,12512.98,12543.77,12454.21,192540000.0,0.23
2022-08-16,12545.14,12542.15,12574.52,12506.8,214890000.0,0.01
2022-08-17,12646.74,12554.49,12652.44,12550.12,182260000.0,0.81
2022-08-18,12621.73,12659.95,12714.56,12621.73,186360000.0,-0.2
2022-08-21,12554.5,12626.98,12644.37,12549.02,129650000.0,-0.53
2022-08-22,12560.48,12537.27,12606.4,12503.03,138140000.0,0.05
2022-08-23,12420.77,12541.38,12616.13,12420.77,156640000.0,-1.11
2022-08-24,12443.77,12420.43,12450.54,12347.32,153840000.0,0.19
2022-08-25,12591.74,12480.55,12591.74,12473.61,135270000.0,1.19
2022-08-28,12526.11,12475.16,12574.22,12459.79,137740000.0,-0.52
2022-08-29,12530.66,12534.53,12597.63,12516.97,161930000.0,0.04
2022-08-30,12455.65,12561.1,12594.61,12455.65,144900000.0,-0.6
2022-08-31,12283.33,12431.98,12453.18,12273.49,192380000.0,-1.38
2022-09-01,12142.65,12253.13,12283.7,12116.14,162610000.0,-1.15
2022-09-04,12194.29,12107.74,12225.87,12073.12,112380000.0,0.43
2022-09-05,12099.84,12185.2,12227.59,12099.84,115340000.0,-0.77
2022-09-06,11994.72,12115.74,12169.16,11994.72,135140000.0,-0.87
2022-09-07,11863.81,11983.86,12034.21,11862.13,131750000.0,-1.09
2022-09-08,11834.26,11886.51,11927.63,11748.5,126520000.0,-0.25
2022-09-11,11940.36,11951.03,12014.6,11935.42,121240000.0,0.9
2022-09-12,12022.12,11956.63,12022.12,11930.63,112070000.0,0.68
2022-09-13,12084.45,12035.45,12089.66,11985.36,137010000.0,0.52
2022-09-14,11893.27,11871.41,11987.71,11846.15,121830000.0,-1.58
2022-09-15,11829.54,11920.15,12016.12,11829.54,162480000.0,-0.54
2022-09-18,11572.18,11807.59,11814.84,11554.56,137870000.0,-2.18
2022-09-19,11446.33,11545.32,11602.22,11404.06,125000000.0,-1.09
2022-09-20,11503.6,11523.93,11615.45,11503.6,126950000.0,0.5
2022-09-21,11461.09,11498.37,11543.42,11402.57,118140000.0,-0.37
2022-09-25,11161.38,11201.19,11218.09,11121.94,128310000.0,-2.62
2022-09-26,10909.18,11113.68,11193.42,10909.18,172340000.0,-2.26
2022-09-27,11017.38,10981.28,11085.96,10932.34,161140000.0,0.99
2022-09-28,11170.08,11121.36,11241.11,11032.52,165840000.0,1.39
2022-09-29,11405.32,11253.33,11411.35,11252.8,172240000.0,2.11
2022-10-02,11487.07,11420.66,11530.18,11325.68,148680000.0,0.72
2022-10-03,11607.96,11544.69,11647.41,11533.94,184540000.0,1.05
2022-10-04,11780.41,11711.15,11785.91,11679.16,195960000.0,1.49
2022-10-05,11770.32,11862.97,11880.52,11709.64,186500000.0,-0.09
2022-10-06,11757.79,11802.63,11824.22,11747.23,135220000.0,-0.11
2022-10-09,11566.45,11758.44,11769.26,11555.15,115450000.0,-1.63
2022-10-10,11530.37,11554.0,11628.74,11471.89,139850000.0,-0.31
2022-10-11,11514.26,11542.79,11560.08,11456.51,124150000.0,-0.14
2022-10-12,11551.34,11533.0,11590.21,11502.62,143750000.0,0.32
2022-10-13,11421.78,11548.12,11564.52,11421.78,112890000.0,-1.12
2022-10-16,11405.88,11440.18,11467.87,11331.23,98770000.0,-0.14
2022-10-17,11566.38,11421.96,11591.61,11416.3,111560000.0,1.41
2022-10-18,11809.95,11624.66,11809.95,11623.61,148250000.0,2.11
2022-10-19,11795.1,11814.28,11851.16,11769.38,130250000.0,-0.13
2022-10-20,11963.68,11801.39,11963.68,11798.35,140540000.0,1.43
2022-10-23,12006.59,12035.59,12076.04,11989.53,129979999.99999999,0.36
2022-10-24,12075.27,11979.28,12075.27,11927.81,147920000.0,0.57
2022-10-25,11973.86,12080.05,12099.6,11909.36,164790000.0,-0.84
2022-10-26,11798.77,11983.52,12004.85,11732.1,160380000.0,-1.46
2022-10-27,11709.5,11781.16,11839.83,11703.2,187310000.0,-0.76
2022-10-30,11632.33,11728.53,11773.87,11630.79,104020000.0,-0.66
2022-10-31,11667.8,11647.78,11667.8,11549.39,145610000.0,0.3
2022-11-01,11530.44,11677.03,11681.08,11462.96,182170000.0,-1.18
2022-11-02,11530.29,11500.32,11553.7,11333.38,198720000.0,0.0
2022-11-03,11439.19,11463.48,11506.05,11411.8,138930000.0,-0.79
2022-11-06,11521.28,11560.72,11609.42,11508.44,113710000.0,0.72
2022-11-07,11598.76,11516.69,11598.76,11440.62,142680000.0,0.67
2022-11-08,11486.53,11592.06,11597.28,11430.04,146350000.0,-0.97
2022-11-09,11407.18,11467.88,11467.92,11358.87,120030000.0,-0.69
2022-11-10,11211.7,11369.53,11369.67,11178.78,129150000.0,-1.71
2022-11-13,11246.93,11346.94,11365.56,11238.83,119830000.0,0.31
2022-11-14,11197.46,11234.05,11246.9,11093.38,139300000.0,-0.44
2022-11-15,11096.58,11213.53,11217.22,11046.88,121440000.0,-0.9
2022-11-16,11151.24,11074.91,11151.24,10975.5,130449999.99999999,0.49
2022-11-17,11142.02,11163.32,11169.03,11093.85,107520000.0,-0.08
2022-11-20,11053.16,11139.72,11142.82,11022.83,86420000.0,-0.8
2022-11-21,10930.51,11034.36,11034.49,10876.84,101730000.0,-1.11
2022-11-22,10965.41,10921.21,10965.41,10835.61,80080000.0,0.32
2022-11-24,10938.75,10944.69,10946.02,10799.57,143590000.0,-0.24
2022-11-27,10796.46,10935.48,10936.52,10744.86,74790000.0,-1.3
2022-11-28,10746.64,10683.82,10837.48,10577.76,111180000.0,-0.46
2022-11-29,10752.01,10761.95,10826.9,10718.84,109810000.0,0.05
2022-11-30,10896.91,10749.86,10896.91,10683.47,169560000.0,1.35
2022-12-01,10822.65,10928.97,10957.64,10822.65,123160000.0,-0.68
2022-12-04,10723.95,10853.78,10858.66,10722.67,85620000.0,-0.91
2022-12-05,10419.15,10735.57,10737.98,10419.15,116630000.0,-2.84
2022-12-06,10444.27,10405.83,10444.27,10265.63,133300000.00000001,0.24
2022-12-07,10185.14,10443.52,10466.64,10185.14,115300000.0,-2.48
2022-12-08,10246.61,10209.21,10308.63,10089.12,113400000.0,0.6
2022-12-11,10138.31,10263.99,10326.44,10122.0,84260000.0,-1.06
2022-12-12,10033.19,10168.17,10168.17,9950.17,642150000.0,-1.04
2022-12-13,10221.14,10077.88,10303.6,10067.47,534380000.0,1.87
2022-12-14,10248.12,10289.82,10386.11,10204.87,347940000.0,0.26
2022-12-15,10290.42,10232.49,10294.65,10181.92,231700000.0,0.41
2022-12-18,10251.68,10268.56,10316.61,10233.96,117490000.0,-0.38
2022-12-19,10186.18,10265.17,10267.41,10128.14,163850000.0,-0.64
2022-12-20,10280.15,10159.91,10280.15,10051.08,136790000.0,0.92
2022-12-21,10276.94,10298.12,10323.38,10248.62,137820000.0,-0.03
2022-12-22,10215.79,10297.28,10315.3,10215.79,100380000.0,-0.6
2022-12-25,10234.52,10230.96,10255.63,10208.77,79760000.0,0.18
2022-12-26,10228.64,10239.11,10254.25,10220.33,85570000.0,-0.06
2022-12-27,10359.26,10236.61,10392.35,10210.44,104450000.0,1.28
2022-12-28,10485.29,10355.5,10485.29,10321.74,134960000.0,1.22
2022-12-29,10478.46,10482.07,10542.65,10447.63,115000000.0,-0.07
2023-01-01,10546.67,10505.57,10565.61,10500.21,77060000.0,0.65
2023-01-02,10578.34,10556.56,10588.96,10515.82,149280000.0,0.3
2023-01-03,10660.94,10584.96,10667.08,10581.35,144950000.0,0.78
2023-01-04,10531.9,10644.61,10697.71,10514.09,242420000.0,-1.21
2023-01-05,10531.83,10530.43,10531.83,10441.64,176450000.0,0.0
2023-01-08,10536.91,10544.66,10580.12,10517.23,109730000.0,0.05
2023-01-09,10647.18,10545.86,10647.18,10541.08,136630000.0,1.05
2023-01-10,10634.06,10659.39,10660.37,10595.52,143990000.0,-0.12
2023-01-11,10617.49,10644.36,10676.64,10602.18,213750000.0,-0.16
2023-01-12,10744.22,10630.62,10744.22,10624.32,186390000.0,1.19
2023-01-15,10726.87,10762.94,10808.5,10721.11,141860000.0,-0.16
2023-01-16,10728.45,10720.03,10744.82,10681.74,146250000.0,0.01
2023-01-17,10682.9,10718.15,10722.02,10610.79,171140000.0,-0.42
2023-01-18,10664.04,10674.17,10713.8,10644.76,127830000.0,-0.18
2023-01-19,10682.01,10609.01,10686.76,10579.26,101070000.0,0.17
2023-01-22,10724.62,10716.73,10748.39,10701.53,98280000.0,0.4
2023-01-23,10765.77,10727.44,10765.77,10692.95,128009999.99999999,0.38
2023-01-24,10795.6,10767.71,10813.86,10767.26,115470000.0,0.28
2023-01-25,10809.15,10795.57,10822.72,10735.78,144170000.0,0.13
2023-01-26,10821.65,10814.05,10837.61,10774.61,125940000.0,0.12
2023-01-29,10839.49,10855.91,10858.34,10809.91,117350000.0,0.16
2023-01-30,10810.68,10839.91,10842.75,10719.79,164070000.0,-0.27
2023-01-31,10792.85,10795.96,10795.96,10717.3,147580000.0,-0.16
2023-02-01,10783.73,10788.79,10800.14,10739.82,132310000.0,-0.08
2023-02-02,10701.79,10757.05,10768.91,10650.08,172360000.0,-0.76
2023-02-05,10558.58,10681.17,10682.3,10526.78,213300000.0,-1.34
2023-02-06,10555.71,10543.08,10566.57,10451.33,175420000.0,-0.03
2023-02-07,10469.5,10589.01,10596.27,10468.1,164700000.0,-0.82
2023-02-08,10507.72,10476.45,10520.33,10443.4,157420000.0,0.37
2023-02-09,10412.16,10518.05,10518.44,10391.88,117330000.0,-0.91
2023-02-12,10419.44,10406.52,10438.16,10364.16,143630000.0,0.07
2023-02-13,10519.74,10426.57,10531.47,10426.5,190530000.0,0.96
2023-02-14,10496.59,10538.78,10559.69,10476.09,128419999.99999999,-0.22
2023-02-15,10573.05,10454.13,10573.05,10451.41,157980000.0,0.73
2023-02-16,10548.45,10572.3,10589.8,10547.23,165950000.0,-0.23
2023-02-19,10493.17,10551.3,10551.3,10471.9,124900000.0,-0.52
2023-02-20,10370.97,10488.2,10492.9,10366.55,127440000.0,-1.16
2023-02-21,10269.73,10370.43,10370.97,10235.06,117770000.0,-0.98
2023-02-23,10153.3,10234.86,10234.88,10148.96,136900000.0,-1.13
2023-02-26,10051.78,10155.83,10172.19,10040.3,105780000.0,-1.0
2023-02-27,9994.79,10052.85,10065.96,9963.58,161140000.0,-0.57
2023-02-28,10102.7,9984.81,10118.75,9930.86,237060000.0,1.08
2023-03-01,10192.26,10123.27,10216.23,10094.52,168640000.0,0.89
2023-03-02,10277.76,10238.71,10330.82,10235.08,171390000.0,0.84
2023-03-05,10411.26,10345.82,10411.26,10335.24,114100000.0,1.3
2023-03-06,10447.96,10420.87,10447.96,10397.6,168030000.0,0.35
2023-03-07,10473.32,10453.39,10533.84,10446.96,175920000.0,0.24
2023-03-08,10410.21,10420.07,10420.67,10327.5,148270000.0,-0.6
2023-03-09,10463.18,10411.87,10513.45,10400.59,142860000.0,0.51
2023-03-12,10383.82,10432.13,10451.8,10358.73,134430000.0,-0.76
2023-03-13,10305.09,10414.66,10462.89,10305.09,169010000.0,-0.76
2023-03-14,10207.17,10284.01,10326.55,10207.17,146520000.0,-0.95
2023-03-15,10048.5,10233.13,10264.8,10046.44,197780000.0,-1.55
2023-03-16,9976.65,10042.63,10083.09,9932.88,231180000.0,-0.72
2023-03-19,10157.73,10012.86,10163.67,10008.38,118010000.0,1.82
2023-03-20,10218.12,10122.74,10218.12,10098.31,178870000.0,0.59
2023-03-21,10359.74,10242.22,10371.36,10242.22,157680000.0,1.39
2023-03-22,10350.51,10352.94,10422.76,10334.43,154460000.0,-0.09
2023-03-23,10446.39,10334.83,10446.39,10302.2,128340000.0,0.93
2023-03-26,10459.36,10441.3,10476.42,10426.4,122200000.0,0.12
2023-03-27,10463.61,10456.91,10533.96,10440.12,231410000.0,0.04
2023-03-28,10468.08,10486.67,10531.23,10416.11,232030000.0,0.04
2023-03-29,10503.18,10472.89,10503.18,10452.21,250910000.0,0.34
2023-03-30,10590.1,10515.75,10590.1,10508.92,218780000.0,0.83
2023-04-02,10636.62,10616.35,10690.02,10616.35,178340000.0,0.44
2023-04-03,10806.89,10701.03,10806.89,10698.96,229550000.0,1.6
2023-04-04,10948.6,10835.69,10948.6,10832.57,232170000.0,1.31
2023-04-05,10920.63,10965.86,10967.63,10879.73,202510000.0,-0.26
2023-04-06,10906.15,10902.35,10923.27,10860.69,170880000.0,-0.13
2023-04-09,10965.78,10917.5,10987.93,10916.98,211570000.0,0.55
2023-04-10,10905.48,10973.43,10977.44,10894.9,207740000.0,-0.55
2023-04-11,10849.05,10895.2,10905.33,10816.16,168090000.0,-0.52
2023-04-12,10935.39,10844.24,10935.39,10843.81,153980000.0,0.8
2023-04-13,10964.67,10942.87,10989.77,10909.46,164730000.0,0.27
2023-04-16,11032.57,10979.61,11040.01,10968.75,158580000.0,0.62
2023-04-17,11163.57,11029.07,11163.57,11028.0,178160000.0,1.19
2023-04-25,11265.11,11178.7,11265.11,11141.9,214600000.0,0.91
2023-04-26,11307.22,11264.05,11330.66,11216.92,245940000.0,0.37
2023-04-27,11271.19,11278.24,11291.61,11238.49,208170000.0,-0.32
2023-04-30,11307.77,11301.38,11350.25,11300.97,174620000.0,0.32
2023-05-01,11285.61,11316.03,11325.87,11245.44,202260000.0,-0.2
2023-05-02,11218.61,11283.74,11302.74,11170.34,190540000.0,-0.59
2023-05-03,11073.17,11144.78,11159.39,11039.16,231530000.0,-1.3
2023-05-04,11118.77,11026.46,11118.77,10999.59,175740000.0,0.41
2023-05-07,11256.65,11164.61,11259.82,11164.14,184640000.0,1.24
2023-05-08,11256.39,11256.76,11299.79,11220.53,209480000.0,0.0
2023-05-09,11305.28,11390.38,11390.83,11261.33,244520000.0,0.43
2023-05-10,11293.18,11299.05,11301.87,11233.6,222210000.0,-0.11
2023-05-11,11392.78,11297.87,11396.27,11268.13,224260000.0,0.88
2023-05-14,11348.43,11442.06,11450.5,11346.44,154360000.0,-0.39
2023-05-15,11230.2,11347.47,11354.88,11230.2,220770000.0,-1.04
2023-05-16,11206.02,11263.2,11315.13,11147.86,241450000.0,-0.22
2023-05-17,11277.6,11201.61,11277.6,11187.16,204380000.0,0.64
2023-05-18,11344.4,11295.08,11358.14,11295.08,216860000.0,0.59
2023-05-21,11341.82,11351.36,11368.28,11315.06,167420000.0,-0.02
2023-05-22,11329.19,11334.22,11345.02,11296.94,212040000.0,-0.11
2023-05-23,11275.77,11333.8,11343.13,11275.77,215420000.0,-0.47
2023-05-24,11236.27,11271.28,11275.05,11184.94,176230000.0,-0.35
2023-05-25,11184.57,11226.72,11230.67,11181.47,168450000.0,-0.46
2023-05-28,11138.05,11196.04,11223.34,11133.63,158580000.0,-0.42
2023-05-29,11135.67,11139.42,11171.28,11121.54,157160000.0,-0.02
2023-05-30,11139.98,11156.09,11202.99,11139.98,150880000.0,0.04
2023-05-31,11014.13,11119.84,11122.66,10987.02,341610000.0,-1.13
2023-06-01,11014.95,11034.48,11085.7,11014.95,174950000.0,0.01
2023-06-04,11221.96,11092.83,11221.96,11087.33,140620000.0,1.88
2023-06-05,11293.59,11235.44,11340.35,11229.62,182010000.0,0.64
2023-06-06,11316.87,11300.94,11316.87,11267.85,190670000.0,0.21
2023-06-07,11372.83,11340.23,11378.77,11327.6,180780000.0,0.49
2023-06-08,11397.14,11379.25,11397.14,11336.2,188360000.0,0.21
2023-06-11,11396.13,11393.02,11440.25,11388.51,167520000.0,-0.01
2023-06-12,11423.13,11400.27,11424.78,11345.11,196500000.0,0.24
2023-06-13,11413.82,11421.12,11464.85,11412.32,241710000.0,-0.08
2023-06-14,11533.03,11430.53,11542.33,11427.76,282840000.0,1.04
2023-06-15,11516.14,11541.34,11572.41,11491.06,586980000.0,-0.15
2023-06-18,11516.89,11535.36,11572.89,11511.3,449970000.0,0.01
2023-06-19,11421.7,11501.61,11510.2,11388.33,303050000.0,-0.83
2023-06-20,11431.37,11395.46,11431.37,11354.88,233730000.0,0.08
2023-06-21,11466.17,11428.09,11466.17,11411.6,193640000.0,0.3
2023-06-22,11458.98,11462.14,11493.91,11445.24,235140000.0,-0.06
2023-07-02,11493.91,11491.76,11522.87,11481.73,181420000.0,0.3
2023-07-03,11545.13,11508.35,11545.13,11463.83,265700000.0,0.45
2023-07-04,11618.72,11557.8,11618.72,11552.6,247290000.0,0.64
2023-07-05,11591.55,11615.91,11637.41,11568.0,292730000.0,-0.23
2023-07-06,11597.91,11596.0,11598.61,11553.97,281860000.0,0.05
2023-07-09,11609.35,11590.76,11618.03,11557.67,317880000.0,0.1
2023-07-10,11586.93,11594.38,11624.22,11565.82,474240000.0,-0.19
2023-07-11,11664.5,11604.16,11673.27,11603.25,354980000.0,0.67
2023-07-12,11727.19,11685.53,11758.79,11678.72,443510000.0,0.54
2023-07-13,11707.87,11740.65,11750.37,11695.62,410120000.0,-0.16
2023-07-16,11715.5,11733.2,11754.37,11694.07,275380000.0,0.07
2023-07-17,11780.27,11713.39,11784.99,11671.15,273980000.0,0.55
2023-07-18,11768.71,11794.96,11826.34,11726.76,326490000.0,-0.1
2023-07-19,11752.63,11768.5,11786.26,11733.82,254020000.0,-0.14
2023-07-20,11755.94,11767.83,11775.56,11723.65,245370000.0,0.03
2023-07-23,11760.3,11757.07,11773.25,11715.77,167710000.0,0.04
2023-07-24,11801.9,11761.42,11819.51,11740.82,273000000.0,0.35
2023-07-25,11882.68,11842.11,11896.87,11834.82,243220000.0,0.68
2023-07-26,11906.13,11892.58,11917.29,11848.73,251320000.0,0.2
2023-07-27,11847.72,11894.32,11933.68,11847.72,234060000.0,-0.49
2023-07-30,11789.28,11854.55,11869.09,11763.21,173090000.0,-0.49
2023-07-31,11692.23,11786.5,11786.5,11640.15,215810000.0,-0.82
2023-08-01,11636.07,11674.88,11707.21,11602.01,212810000.0,-0.48
2023-08-02,11478.28,11610.17,11613.71,11472.53,204560000.0,-1.36
2023-08-03,11375.78,11441.86,11496.28,11375.78,257940000.0,-0.89
2023-08-06,11351.48,11408.39,11437.72,11344.44,168550000.0,-0.21
2023-08-07,11271.94,11350.83,11425.45,11235.15,271440000.0,-0.7
2023-08-08,11244.27,11302.31,11379.04,11244.27,219910000.0,-0.25
2023-08-09,11286.21,11263.98,11310.35,11194.2,246170000.0,0.37
2023-08-10,11424.12,11283.49,11450.77,11283.49,215990000.0,1.22
2023-08-13,11546.15,11440.07,11554.34,11439.11,231680000.0,1.07
2023-08-14,11493.82,11532.96,11549.5,11474.66,232350000.0,-0.45
2023-08-15,11412.88,11491.45,11494.68,11398.59,198070000.0,-0.7
2023-08-16,11392.76,11391.1,11488.14,11348.87,194430000.0,-0.18
2023-08-17,11451.31,11375.92,11467.59,11352.73,232390000.0,0.51
2023-08-20,11501.42,11454.35,11514.75,11449.95,151140000.0,0.44
2023-08-21,11408.45,11529.64,11536.68,11408.45,213730000.0,-0.81
2023-08-22,11377.55,11394.61,11432.89,11364.84,181340000.0,-0.27
2023-08-23,11367.07,11382.23,11450.17,11367.07,201160000.0,-0.09
2023-08-24,11405.3,11395.98,11446.52,11392.41,227280000.0,0.34
2023-08-27,11470.11,11424.48,11487.37,11424.48,163650000.0,0.57
2023-08-28,11464.26,11479.57,11506.45,11462.57,176710000.0,-0.05
2023-08-29,11442.56,11477.15,11488.45,11415.75,169120000.0,-0.19
2023-08-30,11574.75,11463.36,11579.26,11458.53,182320000.0,1.16
2023-08-31,11491.2,11572.83,11593.02,11491.2,306560000.0,-0.72
2023-09-03,11455.78,11488.48,11511.16,11432.3,154050000.0,-0.31
2023-09-04,11430.87,11466.69,11492.79,11412.86,188740000.0,-0.22
2023-09-05,11410.98,11444.6,11451.87,11376.68,190530000.0,-0.17
2023-09-06,11298.16,11403.56,11415.97,11281.01,212240000.0,-0.99
2023-09-07,11215.56,11300.99,11308.46,11199.7,209020000.0,-0.73
2023-09-10,11154.05,11210.63,11218.68,11124.56,169780000.0,-0.55
2023-09-11,11235.14,11161.47,11235.14,11132.75,231710000.0,0.73
2023-09-12,11156.26,11240.6,11246.57,11121.83,233920000.0,-0.7
2023-09-13,11122.23,11131.3,11158.2,11086.66,235280000.0,-0.31
2023-09-14,11154.54,11132.11,11154.54,11095.14,233770000.0,0.29
2023-09-17,11104.15,11159.63,11165.22,11099.52,147980000.0,-0.45
2023-09-18,11036.04,11105.71,11148.51,11002.96,204630000.0,-0.61
2023-09-19,11070.77,11029.28,11082.83,10992.25,186120000.0,0.31
2023-09-20,11061.5,11081.77,11082.01,11026.16,182550000.0,-0.08
2023-09-21,10949.42,11090.14,11090.59,10946.03,166030000.0,-1.01
2023-09-25,10877.94,10931.24,11004.31,10877.94,190120000.0,-0.65
2023-09-26,10918.24,10875.17,10963.27,10819.68,203840000.0,0.37
2023-09-27,11076.94,10922.09,11076.94,10905.01,204640000.0,1.45
2023-09-28,11055.96,11103.35,11146.29,11049.96,181090000.0,-0.19
2023-10-01,11040.17,11078.23,11079.89,11026.12,143240000.0,-0.14
2023-10-02,11005.94,11028.99,11101.45,11005.94,170810000.0,-0.31
2023-10-03,10952.34,10998.77,11007.12,10943.54,166330000.0,-0.49
2023-10-04,10840.27,10932.98,10935.77,10826.64,323100000.0,-1.02
2023-10-05,10764.85,10848.32,10851.36,10760.05,151160000.0,-0.7
2023-10-08,10596.02,10759.23,10770.48,10576.22,201080000.0,-1.57
2023-10-09,10575.34,10578.62,10651.19,10532.51,193330000.0,-0.2
2023-10-10,10640.06,10617.23,10679.63,10584.76,218600000.0,0.61
2023-10-11,10572.7,10651.9,10699.3,10523.83,289660000.0,-0.63
2023-10-12,10586.22,10566.42,10600.89,10466.77,284440000.0,0.13
2023-10-15,10542.86,10585.75,10588.53,10510.57,153210000.0,-0.41
2023-10-16,10622.12,10532.93,10622.12,10501.64,179180000.0,0.75
2023-10-17,10731.4,10626.48,10774.04,10614.05,207960000.0,1.03
2023-10-18,10714.06,10729.8,10784.32,10687.15,197820000.0,-0.16
2023-10-19,10654.56,10708.81,10737.17,10621.85,144510000.0,-0.56
2023-10-22,10496.16,10637.32,10643.99,10494.46,150800000.0,-1.49
2023-10-23,10293.19,10482.94,10552.44,10293.19,212840000.0,-1.93
2023-10-24,10379.71,10300.57,10396.15,10262.38,195390000.0,0.84
2023-10-25,10504.76,10422.38,10504.76,10368.56,187240000.0,1.2
2023-10-26,10408.94,10471.06,10499.72,10395.83,156160000.0,-0.91
2023-10-29,10482.85,10418.79,10492.24,10354.04,118170000.0,0.71
2023-10-30,10535.87,10501.03,10626.53,10500.25,171950000.0,0.51
2023-10-31,10690.09,10561.73,10700.08,10534.47,215150000.0,1.46
2023-11-01,10814.89,10700.25,10866.87,10601.45,274550000.0,1.17
2023-11-02,10853.36,10828.58,10990.41,10819.59,219250000.0,0.36
2023-11-05,10938.95,10916.26,10950.12,10877.09,181590000.0,0.79
2023-11-06,10948.86,10921.69,10974.48,10874.14,255480000.0,0.09
2023-11-07,10945.97,10957.02,10988.05,10898.98,185290000.0,-0.03
2023-11-08,10928.76,10939.44,10979.61,10878.29,217620000.0,-0.16
2023-11-09,10840.76,10913.2,10922.96,10814.28,173900000.0,-0.81
2023-11-12,10833.64,10836.21,10883.01,10820.14,202650000.0,-0.07
2023-11-13,10789.75,10845.42,10846.96,10758.46,221950000.0,-0.41
2023-11-14,10857.1,10791.5,10902.87,10786.84,263190000.0,0.62
2023-11-15,11022.89,10904.16,11022.89,10902.32,242760000.0,1.53
2023-11-16,11081.97,11014.91,11081.97,11001.78,247170000.0,0.54
2023-11-19,11137.03,11095.02,11145.53,11091.82,264720000.00000003,0.5
2023-11-20,11118.94,11111.68,11126.08,11084.69,275280000.0,-0.16
2023-11-21,11129.1,11119.19,11149.34,11090.07,266120000.0,0.09
2023-11-22,11099.98,11125.7,11131.65,11067.75,200520000.0,-0.26
2023-11-23,11078.08,11093.24,11116.45,11050.19,167880000.0,-0.2
2023-11-26,11090.42,11078.04,11103.39,11069.21,225140000.0,0.11
2023-11-27,11080.74,11079.9,11105.52,11049.73,226320000.0,-0.09
2023-11-28,11100.92,11087.22,11112.94,11063.63,207220000.0,0.18
2023-11-29,11103.05,11140.39,11145.98,11072.4,301130000.0,0.02
2023-11-30,11177.48,11092.68,11177.48,11061.78,295680000.0,0.67
2023-12-03,11219.02,11178.19,11226.84,11162.38,218120000.0,0.37
2023-12-04,11191.39,11225.43,11242.6,11191.39,234760000.0,-0.25
2023-12-05,11143.83,11199.22,11213.12,11118.94,235920000.0,-0.42
2023-12-06,11174.02,11146.87,11198.87,11138.07,243740000.0,0.27
2023-12-07,11225.35,11162.29,11229.15,11145.33,242800000.0,0.46
2023-12-10,11296.72,11223.44,11307.38,11216.99,227440000.0,0.64
2023-12-11,11380.95,11302.48,11396.87,11274.42,258640000.0,0.75
2023-12-12,11395.0,11386.5,11423.16,11346.59,252130000.0,0.12
2023-12-13,11401.47,11398.69,11414.47,11349.37,203190000.0,0.06
2023-12-14,11542.93,11439.31,11554.08,11435.22,308510000.0,1.24
2023-12-17,11600.72,11579.37,11637.08,11572.21,194520000.0,0.5
2023-12-18,11676.34,11596.41,11683.84,11543.75,260540000.00000003,0.65
2023-12-19,11713.46,11654.0,11713.46,11642.36,234550000.0,0.32
2023-12-20,11702.9,11725.36,11725.47,11673.91,228970000.0,-0.09
2023-12-21,11621.93,11660.13,11667.81,11593.98,200990000.0,-0.69
2023-12-24,11690.65,11636.7,11696.26,11632.47,173250000.0,0.59
2023-12-25,11813.09,11696.21,11816.41,11695.19,199220000.0,1.05
2023-12-26,11872.63,11827.7,11914.06,11824.57,241600000.0,0.5
2023-12-27,11889.35,11904.18,11944.1,11830.14,280670000.0,0.14
2023-12-28,11931.92,11896.55,11931.92,11865.7,244140000.0,0.36
2023-12-31,11967.39,11941.79,11982.06,11934.45,205200000.0,0.3
2024-01-01,12037.04,12003.36,12051.95,12001.99,248890000.0,0.58
2024-01-02,12123.08,12049.66,12123.08,12011.36,366620000.0,0.71
2024-01-03,11928.89,12091.54,12137.68,11928.89,604140000.0,-1.6
2024-01-04,12145.45,11863.01,12145.45,11821.26,464990000.0,1.82
2024-01-07,12285.07,12201.2,12323.79,12189.13,378520000.0,1.15
2024-01-08,12252.06,12291.06,12344.38,12231.73,402900000.0,-0.27
2024-01-09,12197.61,12258.72,12299.93,12197.61,433900000.0,-0.44
2024-01-10,12136.9,12214.36,12239.59,12136.9,427840000.0,-0.5
2024-01-11,12116.09,12166.73,12213.62,12116.09,414830000.0,-0.17
2024-01-14,12060.03,12073.54,12087.73,12017.94,336010000.0,-0.46
2024-01-15,12122.11,12066.06,12158.2,12057.74,311910000.0,0.51
2024-01-16,12077.58,12126.4,12139.01,12054.63,365430000.0,-0.37
2024-01-17,12063.0,12093.86,12125.77,12048.49,365740000.0,-0.12
2024-01-18,11959.07,12063.36,12095.66,11869.24,399120000.0,-0.86
2024-01-21,12003.66,12010.14,12061.09,11984.84,278190000.0,0.37
2024-01-22,12110.32,12054.66,12127.98,12037.81,337480000.0,0.89
2024-01-23,12105.33,12137.25,12164.95,12066.04,307020000.0,-0.04
2024-01-24,12174.18,12114.84,12198.8,12099.11,241430000.0,0.57
2024-01-25,12161.56,12174.48,12195.73,12140.58,318990000.0,-0.1
2024-01-28,12264.17,12182.2,12283.25,12180.0,261170000.00000003,0.84
2024-01-29,12252.81,12281.91,12313.28,12235.11,286620000.0,-0.09
2024-01-30,11985.97,12261.99,12279.76,11951.44,355880000.0,-2.18
2024-01-31,11796.63,11938.34,12033.66,11796.63,282470000.0,-1.58
2024-02-01,11914.29,11786.64,11928.48,11770.9,362520000.0,1.0
2024-02-04,11962.72,11913.72,11962.72,11898.59,237870000.0,0.41
2024-02-05,12024.91,12012.9,12071.92,11963.15,294830000.0,0.52
2024-02-06,12071.41,12035.49,12071.41,11943.34,320850000.0,0.39
2024-02-07,12165.93,12031.58,12165.93,12026.47,306740000.0,0.78
2024-02-08,12202.78,12174.95,12274.62,12149.81,345730000.0,0.3
2024-02-11,12209.06,12223.96,12272.34,12179.23,274200000.0,0.05
2024-02-12,12295.91,12209.17,12295.91,12195.25,377990000.0,0.71
2024-02-13,12404.59,12299.85,12413.11,12299.85,388470000.0,0.88
2024-02-14,12438.77,12351.03,12451.84,12312.29,335400000.0,0.28
2024-02-15,12484.59,12447.09,12516.64,12438.7,456140000.0,0.37
2024-02-18,12502.0,12494.91,12534.05,12483.65,386400000.0,0.14
2024-02-19,12594.57,12502.62,12594.57,12455.65,422620000.0,0.74
2024-02-20,12606.5,12611.58,12619.94,12533.55,364940000.0,0.09
2024-02-21,12634.33,12612.66,12660.48,12582.24,301110000.0,0.22
2024-02-25,12604.59,12641.04,12661.87,12591.61,385400000.0,-0.24
2024-02-26,12531.76,12597.21,12668.91,12531.76,468770000.0,-0.58
2024-02-27,12601.55,12526.36,12622.89,12503.69,462240000.0,0.56
2024-02-28,12611.42,12594.44,12612.49,12572.1,490030000.0,0.08
2024-02-29,12630.86,12615.06,12654.38,12607.87,549480000.0,0.15
2024-03-03,12555.2,12630.4,12645.45,12545.64,346820000.0,-0.6
2024-03-04,12434.59,12568.35,12606.06,12426.73,403110000.0,-0.96
2024-03-05,12470.15,12436.47,12488.5,12399.46,386640000.0,0.29
2024-03-06,12561.9,12474.13,12574.25,12434.26,343890000.0,0.74
2024-03-07,12577.88,12569.77,12638.55,12532.38,439820000.0,0.13
2024-03-10,12618.62,12617.47,12653.98,12599.56,312330000.0,0.32
2024-03-11,12555.72,12631.12,12631.94,12505.61,419220000.0,-0.5
2024-03-12,12613.94,12571.37,12627.14,12553.28,356150000.0,0.46
2024-03-13,12723.15,12631.67,12752.24,12628.52,425420000.0,0.87
2024-03-14,12728.53,12724.16,12788.21,12677.29,469380000.0,0.04
2024-03-17,12762.43,12744.29,12799.02,12722.37,379820000.0,0.27
2024-03-18,12772.46,12783.22,12808.15,12656.93,672040000.0,0.08
2024-03-19,12804.0,12774.45,12823.3,12735.99,456180000.0,0.25
2024-03-20,12739.33,12815.37,12830.28,12736.33,353330000.0,-0.51
2024-03-21,12835.65,12773.26,12879.9,12772.97,371480000.0,0.76
2024-03-24,12796.09,12869.09,12883.29,12779.07,340480000.0,-0.31
2024-03-25,12656.94,12727.52,12776.96,12656.94,334680000.0,-1.09
2024-03-26,12585.54,12660.02,12733.69,12583.88,349450000.0,-0.56
2024-03-27,12607.98,12590.22,12635.52,12551.51,294080000.0,0.18
2024-03-28,12565.89,12682.96,12717.02,12507.3,424240000.0,-0.33
2024-03-31,12401.56,12552.21,12564.89,12378.12,339620000.0,-1.31
2024-04-01,12423.01,12389.58,12526.1,12373.39,246760000.0,0.17
2024-04-02,12476.59,12406.6,12476.59,12379.56,274680000.0,0.43
2024-04-03,12622.22,12498.47,12633.48,12483.74,279120000.0,1.17
2024-04-04,12705.42,12664.01,12725.72,12609.92,271120000.0,0.66
2024-04-14,12666.9,12465.72,12727.52,12458.98,243170000.0,-0.3
2024-04-15,12708.34,12665.89,12812.13,12640.44,346580000.0,0.33
2024-04-16,12500.43,12721.87,12734.4,12495.68,371830000.0,-1.64
2024-04-17,12465.98,12518.01,12544.11,12346.13,367270000.0,-0.28
2024-04-18,12502.35,12481.58,12540.09,12450.26,311280000.0,0.29
2024-04-21,12518.22,12565.16,12583.65,12489.35,316890000.0,0.13
2024-04-22,12508.93,12544.57,12574.8,12469.49,518789999.99999994,-0.07
2024-04-23,12484.41,12535.43,12625.29,12454.49,409660000.0,-0.2
2024-04-24,12355.69,12506.72,12548.95,12302.84,388760000.0,-1.03
2024-04-25,12254.53,12389.14,12433.7,12238.4,271280000.0,-0.82
2024-04-28,12231.54,12263.16,12285.35,12185.13,189220000.0,-0.19
2024-04-29,12369.46,12273.7,12394.23,12251.77,316450000.0,1.13
2024-04-30,12394.91,12401.15,12403.88,12307.92,277940000.0,0.21
2024-05-01,12345.65,12374.39,12411.67,12316.02,258800000.0,-0.4
2024-05-02,12352.33,12350.8,12380.08,12331.44,254590000.0,0.05
2024-05-05,12373.11,12386.96,12439.68,12352.37,210630000.0,0.17
2024-05-06,12372.5,12386.02,12432.11,12334.09,261980000.00000003,0.0
2024-05-07,12357.99,12386.68,12391.43,12306.8,315160000.0,-0.12
2024-05-08,12460.11,12363.1,12460.11,12358.72,297610000.0,0.83
2024-05-09,12284.41,12464.26,12467.88,12284.41,295860000.0,-1.41
2024-05-12,12217.05,12278.23,12284.03,12192.82,231140000.0,-0.55
2024-05-13,12259.6,12207.78,12280.92,12146.66,269610000.0,0.35
2024-05-14,12120.91,12263.47,12286.69,12097.31,285170000.0,-1.13
2024-05-15,12103.2,12114.53,12176.99,12089.01,246750000.0,-0.15
2024-05-16,12198.44,12146.1,12222.78,12124.5,263800000.0,0.79
2024-05-19,12198.38,12195.46,12222.63,12105.92,200180000.0,0.0
2024-05-20,12125.36,12154.65,12179.43,12059.17,207320000.0,-0.6
2024-05-21,12122.48,12119.04,12145.45,12085.34,191550000.0,-0.02
2024-05-22,12157.03,12116.64,12157.03,12066.02,214940000.0,0.29
2024-05-23,11995.99,12152.61,12156.2,11994.82,221720000.0,-1.32
2024-05-26,11850.64,11998.05,12017.71,11831.52,164900000.0,-1.21
2024-05-27,11831.22,11890.96,11903.97,11769.38,214780000.0,-0.16
2024-05-28,11659.94,11852.52,11863.35,11659.94,208460000.0,-1.45
2024-05-29,11696.51,11674.82,11735.38,11594.35,246480000.0,0.31
2024-05-30,11503.49,11697.23,11703.48,11503.49,416050000.0,-1.65
2024-06-02,11625.1,11556.51,11625.1,11443.55,223920000.0,1.06
2024-06-03,11808.25,11682.16,11831.21,11655.84,388980000.0,1.58
2024-06-04,11612.03,11809.43,11812.37,11612.03,306640000.0,-1.66
2024-06-05,11553.16,11650.54,11655.07,11467.87,285280000.0,-0.51
2024-06-06,11560.39,11564.07,11655.43,11525.78,249360000.0,0.06
2024-06-09,11855.11,11569.4,11899.05,11556.15,1960000000.0,2.55
2024-06-10,11853.82,11889.96,11954.2,11835.18,370650000.0,-0.01
2024-06-11,11775.47,11839.93,11907.34,11768.95,494340000.0,-0.66
2024-06-12,11651.81,11777.96,11799.66,11651.81,529059999.99999994,-1.05
2024-06-13,11498.93,11674.05,11691.19,11498.93,403330000.0,-1.31
2024-06-23,11729.97,11646.1,11741.05,11633.33,205740000.0,2.01
2024-06-24,11697.04,11724.41,11821.35,11639.29,292440000.0,-0.28
2024-06-25,11730.77,11670.1,11750.44,11659.72,261160000.00000003,0.29
2024-06-26,11656.35,11732.73,11733.85,11652.51,287590000.0,-0.63
2024-06-27,11729.62,11678.04,11763.01,11677.09,300030000.0,0.63
2024-06-30,11679.5,11738.6,11758.67,11679.5,229590000.0,-0.43
2024-07-01,11658.53,11697.91,11763.98,11616.22,273680000.0,-0.18
2024-07-02,11606.09,11661.3,11682.14,11606.09,315310000.0,-0.45
2024-07-03,11595.2,11626.04,11626.04,11557.66,225550000.0,-0.09
2024-07-04,11658.66,11601.94,11658.66,11567.16,186450000.0,0.55
2024-07-07,11688.61,11672.19,11716.77,11645.13,195300000.0,0.26
2024-07-08,11718.17,11680.43,11724.29,11629.62,212690000.0,0.25
2024-07-09,11779.83,11711.16,11779.83,11707.09,209780000.0,0.53
2024-07-10,11784.09,11778.33,11805.04,11747.34,211320000.0,0.04
2024-07-11,11792.41,11767.88,11814.01,11744.75,219350000.0,0.07
2024-07-14,11881.55,11800.03,11891.35,11796.93,215160000.0,0.76
2024-07-15,11947.7,11896.61,11947.7,11831.66,243230000.0,0.56
2024-07-16,12080.37,11958.17,12080.37,11950.71,230580000.0,1.11
2024-07-17,12157.61,12090.22,12177.53,12084.48,239760000.0,0.64
2024-07-18,12188.32,12158.52,12188.32,12117.22,387140000.0,0.25
2024-07-21,12202.93,12170.41,12202.93,12136.47,345020000.0,0.12
2024-07-22,12174.76,12194.25,12234.56,12163.43,439530000.0,-0.23
2024-07-23,12105.54,12167.59,12172.47,12095.14,296330000.0,-0.57
2024-07-24,12101.21,12090.79,12123.9,12047.92,259510000.0,-0.04
2024-07-25,12026.21,12093.19,12094.52,12007.73,277960000.0,-0.62
2024-07-28,12175.43,12047.24,12178.52,12047.24,285350000.0,1.24
2024-07-29,12121.4,12181.88,12205.27,12113.48,303050000.0,-0.44
2024-07-30,12064.65,12114.49,12127.02,12045.59,279220000.0,-0.47
2024-07-31,12109.52,12065.23,12109.52,12004.48,352460000.0,0.37
2024-08-01,12045.78,12102.61,12123.69,11992.63,235060000.0,-0.53
2024-08-04,11754.37,11803.94,11867.83,11722.16,334150000.0,-2.42
2024-08-05,11504.46,11620.87,11648.84,11318.09,453720000.0,-2.13
2024-08-06,11679.16,11543.05,11752.03,11543.05,404090000.0,1.52
2024-08-07,11729.71,11754.3,11791.63,11696.94,311030000.0,0.43
2024-08-08,11667.12,11736.26,11749.0,11632.68,283520000.0,-0.53
2024-08-11,11771.69,11735.18,11798.09,11727.23,240630000.0,0.9
2024-08-12,11740.66,11768.81,11794.21,11721.45,251890000.0,-0.26
2024-08-13,11796.84,11753.22,11798.11,11712.97,209700000.0,0.48
2024-08-14,11849.65,11809.89,11873.44,11793.99,260350000.00000003,0.45
2024-08-15,11915.02,11873.97,11936.82,11872.42,300010000.0,0.55
2024-08-18,11981.4,11919.27,11989.42,11919.27,249560000.0,0.56
2024-08-19,12023.03,11988.91,12023.03,11965.35,346190000.0,0.35
2024-08-20,12103.82,12035.46,12114.06,11997.63,349490000.0,0.67
2024-08-21,12187.44,12092.7,12202.31,12070.72,404020000.0,0.69
2024-08-22,12194.43,12194.16,12220.51,12141.89,325310000.0,0.06
2024-08-25,12262.64,12260.51,12320.11,12245.48,297920000.0,0.56
2024-08-26,12261.18,12302.03,12329.95,12226.06,351770000.0,-0.01
2024-08-27,12182.2,12266.38,12266.82,12179.07,322350000.0,-0.64
2024-08-28,12117.15,12178.74,12209.37,12086.68,248080000.0,-0.53
2024-08-29,12145.15,12122.98,12145.15,12066.68,417480000.0,0.23
2024-09-01,12189.4,12162.65,12193.61,12151.27,227060000.0,0.36
2024-09-02,12167.47,12202.44,12226.99,12139.82,325710000.0,-0.18
2024-09-03,12180.37,12172.18,12203.03,12145.23,450930000.0,0.11
2024-09-04,12128.14,12072.7,12139.85,11976.38,446700000.0,-0.43
2024-09-05,12099.49,12127.26,12136.11,12087.76,604300000.0,-0.24
2024-09-08,11982.3,12035.76,12039.29,11943.6,401060000.0,-0.97
2024-09-09,11962.9,11980.89,12014.97,11947.09,618350000.0,-0.16
2024-09-10,11986.6,11994.12,12019.53,11919.26,368800000.0,0.2
2024-09-11,11766.4,11949.78,11956.6,11766.4,311320000.0,-1.84
2024-09-12,11842.55,11838.1,11885.45,11800.98,631850000.0,0.65
2024-09-15,11900.3,11876.23,11911.97,11869.62,257160000.00000003,0.49
2024-09-16,11867.37,11910.17,11918.78,11844.13,538990000.0,-0.28
2024-09-17,11885.66,11867.89,11891.41,11845.39,432500000.0,0.15
2024-09-18,11920.94,11865.34,11938.56,11837.93,365590000.0,0.3
2024-09-19,12080.47,11968.78,12080.47,11938.08,361600000.0,1.34
2024-09-22,12129.62,12105.12,12138.77,12084.62,233190000.0,0.41
2024-09-24,12268.42,12141.22,12268.42,12135.36,417980000.0,1.14
2024-09-25,12343.72,12269.23,12343.72,12244.15,299900000.0,0.61
2024-09-26,12374.3,12329.42,12390.54,12310.73,573740000.0,0.25
2024-09-29,12271.77,12353.18,12358.27,12263.12,503640000.0,-0.83
2024-09-30,12226.1,12293.3,12311.15,12214.55,1060000000.0,-0.37
2024-10-01,12253.54,12222.18,12279.94,12216.96,705650000.0,0.22
2024-10-02,12044.07,12145.83,12179.75,12019.15,1070000000.0000001,-1.71
2024-10-03,11957.54,12051.3,12100.06,11927.71,856530000.0,-0.72
2024-10-06,11769.04,11976.12,12004.19,11762.82,823480000.0,-1.58
2024-10-07,11913.62,11789.56,11961.58,11774.82,699120000.0,1.23
2024-10-08,12027.17,11931.6,12047.85,11910.94,969400000.0,0.95
2024-10-09,11927.33,12042.54,12052.27,11913.46,628220000.0,-0.83
2024-10-10,11994.22,11930.58,12017.53,11911.56,546940000.0,0.56
2024-10-13,12069.21,12014.01,12094.11,12014.01,690570000.0,0.63
2024-10-14,11959.67,12066.53,12069.9,11938.19,437410000.0,-0.91
2024-10-15,12001.63,11974.26,12014.0,11935.57,422100000.0,0.35
2024-10-16,12038.67,11996.35,12044.48,11987.63,1600000000.0,0.31
2024-10-17,11907.43,12043.37,12076.43,11907.43,622270000.0,-1.09
2024-10-20,11882.93,11918.69,11932.92,11845.81,297630000.0,-0.21
2024-10-21,12008.31,11895.56,12018.27,11895.22,1190000000.0,1.06
2024-10-22,11956.99,12019.68,12023.01,11941.87,504080000.0,-0.43
2024-10-23,11901.77,11953.21,11953.21,11856.45,1380000000.0,-0.46
2024-10-24,11886.06,11885.25,11904.47,11839.84,768010000.0,-0.13
2024-10-27,12068.97,12002.15,12123.23,11997.05,916990000.0,1.54
2024-10-28,12053.15,12096.17,12113.9,12053.15,584880000.0,-0.13
2024-10-29,12062.09,12069.39,12095.01,12010.38,1250000000.0,0.07
2024-10-30,12018.81,12059.82,12075.66,12010.28,571990000.0,-0.36
2024-10-31,12022.11,12024.18,12066.43,12003.56,555830000.0,0.03
2024-11-03,12048.26,12045.34,12076.85,12038.88,458940000.0,0.22
2024-11-04,12039.31,12058.17,12059.34,11960.05,647060000.0,-0.07
2024-11-05,12014.94,12028.14,12055.58,11943.11,984950000.0,-0.2
2024-11-06,12093.35,12054.41,12161.37,12044.37,981170000.0,0.65
2024-11-07,12130.83,12126.67,12158.65,12115.93,1230000000.0,0.31
2024-11-10,12103.16,12132.28,12175.69,12071.81,525600000.0,-0.23
2024-11-11,12106.41,12107.46,12162.28,12063.05,938850000.0,0.03
2024-11-12,12047.67,12104.52,12143.44,12047.67,478290000.0,-0.49
2024-11-13,11930.45,12032.1,12041.18,11923.45,365700000.0,-0.97
2024-11-14,11791.18,11915.52,11941.89,11791.18,504400000.0,-1.17
2024-11-17,11811.98,11754.27,11854.26,11747.52,516840000.00000006,0.18
2024-11-18,11830.38,11826.71,11850.34,11770.55,445480000.0,0.16
2024-11-19,11875.91,11846.74,11906.61,11830.76,635970000.0,0.38
2024-11-20,11867.92,11884.6,11918.22,11843.11,421810000.0,-0.07
2024-11-21,11840.52,11864.56,11875.03,11817.84,691440000.0,-0.23
2024-11-24,11864.9,11860.98,11926.87,11851.25,593830000.0,0.21
2024-11-25,11787.72,11865.65,11870.52,11787.72,637820000.0,-0.65
2024-11-26,11736.07,11797.79,11812.46,11723.31,362750000.0,-0.44
2024-11-27,11590.79,11742.51,11782.26,11590.79,648890000.0,-1.24
2024-11-28,11641.31,11615.83,11657.28,11589.3,376940000.0,0.44
2024-12-01,11741.74,11681.41,11757.72,11671.73,313350000.0,0.86
2024-12-02,11739.35,11748.48,11753.99,11681.55,351570000.0,-0.02
2024-12-03,11815.93,11734.58,11815.93,11725.44,365390000.0,0.65
2024-12-04,11886.86,11825.59,11886.86,11775.12,334520000.0,0.6
2024-12-05,11931.85,11892.82,11935.96,11882.35,410310000.0,0.38
2024-12-08,11955.24,11938.99,11998.62,11933.79,870830000.0,0.2
2024-12-09,12097.4,11986.99,12107.83,11966.28,586260000.0,1.19
2024-12-10,12193.64,12108.67,12202.31,12106.86,572990000.0,0.8
2024-12-11,12149.19,12215.13,12219.15,12149.19,620160000.0,-0.36
2024-12-12,12099.33,12169.97,12211.17,12099.33,373920000.0,-0.41
2024-12-15,12059.53,12108.98,12146.34,12059.03,443080000.0,-0.33
2024-12-16,12096.73,12048.74,12096.73,12046.31,320250000.0,0.31
2024-12-17,11948.72,12094.12,12094.24,11948.72,245540000.0,-1.22
2024-12-18,11961.05,11951.51,11972.05,11896.59,358550000.0,0.1
2024-12-19,11892.44,11889.69,11918.56,11835.15,476750000.0,-0.57
2024-12-22,11849.37,11898.73,11980.03,11848.12,171300000.0,-0.36
2024-12-23,11948.79,11858.72,11948.79,11835.98,194540000.0,0.84
2024-12-24,11913.95,11956.26,11974.87,11907.46,744850000.0,-0.29
2024-12-25,11892.32,11919.91,11934.79,11882.57,949970000.0,-0.18
2024-12-26,11859.47,11893.84,11913.72,11859.47,457450000.0,-0.28
2024-12-29,11892.75,11859.28,11909.77,11843.97,339260000.0,0.28
2024-12-30,12000.92,11896.83,12015.16,11896.83,392730000.0,0.91
2024-12-31,12036.5,12031.3,12082.05,12016.3,335180000.0,0.3
